Rk,Player,Pos,Age,Team,G,MP,FG,2P,3P,eFG,FT,TS,FTr,3PAr,FG+,2P+,3P+,eFG+,FT+,TS+,FTr+,3PAr+,FG Add,TS Add
1,Precious Achiuwa\achiupr01,PF,21,MIA,34,474,0.584,0.584,,0.584,0.543,0.591,0.591,0,126,111,,109,70,103,238,,12.7,6.6
2,Jaylen Adams\adamsja01,PG,24,MIL,7,18,0.125,0.167,0,0.125,,0.125,0,0.25,27,32,,23,,22,,63,-6.6,-7.1
3,Steven Adams\adamsst01,C,27,NOP,32,892,0.606,0.609,0,0.606,0.444,0.591,0.4,0.006,130,115,,113,57,103,161,1,24.5,8
4,Bam Adebayo\adebaba01,C,23,MIA,33,1119,0.563,0.567,0.333,0.566,0.847,0.631,0.451,0.014,121,107,90,105,109,110,181,4,23.6,59.9
5,LaMarcus Aldridge\aldrila01,C,35,SAS,21,544,0.464,0.509,0.36,0.518,0.838,0.545,0.149,0.302,100,96,98,96,108,95,60,77,-9.6,-14.2
6,Nickeil Alexander-Walker\alexani01,SG,22,NOP,27,471,0.416,0.519,0.297,0.485,0.788,0.513,0.168,0.462,90,98,81,90,101,90,67,117,-20.8,-24.8
7,Ty-Shon Alexander\alexaty01,SG,22,PHO,3,8,0,0,0,0,,0,0,0.333,,,,,,,,84,-3.2,-3.4
8,Grayson Allen\allengr01,SG,25,MEM,23,551,0.408,0.412,0.407,0.549,0.895,0.592,0.232,0.689,88,78,110,102,115,104,93,175,3.7,7.4
9,Jarrett Allen\allenja01,C,22,TOT,35,977,0.669,0.675,0.5,0.677,0.741,0.714,0.646,0.031,144,128,136,126,95,125,260,8,71.8,93.7
10,Jarrett Allen\allenja01,C,22,BRK,12,320,0.677,0.677,,0.677,0.754,0.73,0.939,0,146,128,,126,97,128,377,,18.1,29
11,Jarrett Allen\allenja01,C,22,CLE,23,657,0.667,0.674,0.5,0.677,0.733,0.707,0.547,0.042,143,128,136,126,94,124,220,11,53.6,64.7
12,Al-Farouq Aminu\aminual01,PF,30,ORL,9,163,0.395,0.393,0.4,0.465,0.778,0.5,0.209,0.349,85,74,109,87,100,88,84,88,-6.2,-6.7
13,Kyle Anderson\anderky01,PF,27,MEM,29,803,0.477,0.533,0.39,0.553,0.753,0.585,0.27,0.393,103,101,106,103,97,102,109,100,9.5,9.3
14,Giannis Antetokounmpo\antetgi01,PF,26,MIL,34,1153,0.558,0.632,0.279,0.587,0.664,0.62,0.551,0.212,120,120,76,109,85,108,222,54,63.9,76.9
15,Kostas Antetokounmpo\antetko01,PF,23,LAL,3,19,0.333,0.333,,0.333,0.5,0.387,0.667,0,72,63,,62,64,68,268,,-1.2,-1.4
16,Thanasis Antetokounmpo\antetth01,SF,28,MIL,25,220,0.585,0.688,0.222,0.61,0.462,0.599,0.317,0.22,126,130,60,113,59,105,127,56,5.9,2.6
17,Carmelo Anthony\anthoca01,PF,36,POR,33,846,0.409,0.421,0.391,0.485,0.846,0.529,0.233,0.386,88,80,106,90,109,93,94,98,-41.3,-36.8
18,Cole Anthony\anthoco01,PG,20,ORL,25,667,0.376,0.398,0.325,0.426,0.836,0.469,0.204,0.309,81,75,88,79,107,82,82,78,-60.1,-60.2
19,OG Anunoby\anunoog01,SF,23,TOR,23,769,0.479,0.57,0.395,0.582,0.755,0.607,0.223,0.521,103,108,107,108,97,106,90,132,21.2,18.2
20,Ryan Arcidiacono\arcidry01,PG,26,CHI,18,198,0.42,0.556,0.344,0.53,0.889,0.565,0.18,0.64,90,105,93,99,114,99,72,162,-0.7,-0.7
21,D.J. Augustin\augusdj01,PG,33,MIL,33,644,0.35,0.317,0.367,0.472,0.897,0.52,0.217,0.667,75,60,100,88,115,91,87,169,-23.5,-20.4
22,Deni Avdija\avdijde01,SF,20,WAS,29,621,0.426,0.515,0.356,0.526,0.579,0.533,0.123,0.561,92,98,97,98,74,93,49,142,-3.6,-12.8
23,Deandre Ayton\aytonde01,C,22,PHO,34,1065,0.597,0.613,0.25,0.602,0.756,0.627,0.241,0.045,128,116,68,112,97,110,97,11,46.3,43.6
24,Udoka Azubuike\azubuud01,C,21,UTA,12,49,0.571,0.571,,0.571,0.667,0.622,0.857,0,123,108,,106,86,109,345,,0.5,1
25,Dwayne Bacon\bacondw01,SG,25,ORL,36,886,0.413,0.449,0.333,0.465,0.826,0.505,0.21,0.31,89,85,90,87,106,88,84,79,-47.6,-47.9
26,Marvin Bagley III\baglema01,PF,21,SAC,33,856,0.501,0.542,0.371,0.545,0.535,0.552,0.263,0.236,108,103,101,101,69,96,106,60,5.8,-16.8
27,LaMelo Ball\ballla01,PG,19,CHO,35,1010,0.449,0.498,0.378,0.527,0.802,0.561,0.225,0.413,97,94,103,98,103,98,91,105,-9.6,-10
28,Lonzo Ball\balllo01,PG,23,NOP,32,1017,0.435,0.5,0.396,0.559,0.775,0.572,0.102,0.623,94,95,107,104,100,100,41,158,16.6,0.5
29,Mo Bamba\bambamo01,C,22,ORL,17,161,0.522,0.583,0.368,0.575,0.667,0.582,0.09,0.284,112,111,100,107,86,102,36,72,5,1.4
30,Desmond Bane\banede01,SG,22,MEM,27,620,0.485,0.525,0.447,0.598,0.87,0.617,0.113,0.505,104,99,121,111,112,108,45,128,24.7,19.2
31,Harrison Barnes\barneha02,PF,28,SAC,32,1141,0.492,0.555,0.394,0.569,0.822,0.627,0.422,0.394,106,105,107,106,106,110,170,100,23,46.9
32,RJ Barrett\barrerj01,SG,20,NYK,36,1197,0.437,0.464,0.347,0.478,0.727,0.515,0.271,0.236,94,88,94,89,93,90,109,60,-61.4,-65.5
33,Will Barton\bartowi01,SF,30,DEN,32,955,0.432,0.467,0.378,0.506,0.755,0.528,0.15,0.39,93,89,103,94,97,92,60,99,-20.4,-30.4
34,Keita Bates-Diop\bateske01,SF,25,SAS,12,91,0.32,0.308,0.333,0.4,0.875,0.473,0.32,0.48,69,58,90,74,112,83,129,122,-6.9,-5.6
35,Nicolas Batum\batumni01,SF,32,LAC,34,1001,0.484,0.556,0.449,0.635,0.818,0.653,0.151,0.671,104,105,122,118,105,114,61,170,42.6,38
36,Aron Baynes\baynear01,C,34,TOR,32,620,0.429,0.537,0.235,0.471,0.75,0.488,0.105,0.356,92,102,64,88,96,85,42,90,-25.3,-33.4
37,Kent Bazemore\bazemke01,SF,31,GSW,34,576,0.488,0.536,0.442,0.6,0.8,0.622,0.176,0.506,105,102,120,112,103,109,71,128,21.3,18.5
38,Darius Bazley\bazleda01,PF,20,OKC,35,1074,0.394,0.481,0.293,0.462,0.716,0.489,0.188,0.461,85,91,79,86,92,85,76,117,-59.4,-70.6
39,Bradley Beal\bealbr01,SG,27,WAS,31,1107,0.484,0.546,0.336,0.534,0.902,0.598,0.343,0.293,104,103,91,99,116,105,138,74,-5.5,45
40,Malik Beasley\beaslma01,SG,24,MIN,33,1093,0.455,0.508,0.406,0.56,0.847,0.582,0.131,0.52,98,96,110,104,109,102,53,132,24.8,11.9
41,Jordan Bell\belljo01,C,26,WAS,3,50,0.333,0.385,0,0.333,,0.333,0,0.133,72,73,,62,,58,,34,-6.1,-7.2
42,DeAndre' Bembry\bembrde01,SF,26,TOR,26,423,0.588,0.661,0.381,0.637,0.7,0.653,0.25,0.263,126,125,103,119,90,114,101,67,16,14.5
43,Dāvis Bertāns\bertada01,PF,28,WAS,29,756,0.385,0.393,0.384,0.556,0.859,0.598,0.254,0.889,83,74,104,103,110,105,102,225,9.1,14.7
44,Patrick Beverley\beverpa01,PG,32,LAC,27,653,0.437,0.482,0.414,0.575,0.784,0.603,0.222,0.665,94,91,112,107,101,105,89,168,12.5,11.4
45,Saddiq Bey\beysa01,SF,21,DET,33,743,0.413,0.442,0.4,0.552,0.846,0.586,0.206,0.694,89,84,109,103,109,102,83,176,7.1,7.7
46,Tyler Bey\beyty01,SF,22,DAL,4,13,0.4,0.4,,0.4,0.5,0.444,0.8,0,86,76,,74,64,78,322,,-1.4,-1.7
47,Khem Birch\birchkh01,C,28,ORL,35,703,0.497,0.514,0.308,0.51,0.739,0.565,0.451,0.085,107,97,83,95,95,99,181,22,-8.5,-2.6
48,Goga Bitadze\bitadgo01,C,21,IND,16,148,0.511,0.688,0.133,0.532,0.769,0.569,0.277,0.319,110,130,36,99,99,100,111,81,-0.5,-0.3
49,Bismack Biyombo\biyombi01,C,28,CHO,33,736,0.569,0.574,0,0.569,0.483,0.566,0.438,0.007,123,109,,106,62,99,176,2,8.7,-1.8
50,Nemanja Bjelica\bjeline01,PF,32,SAC,18,315,0.491,0.606,0.309,0.551,0.789,0.597,0.352,0.389,106,115,84,103,101,104,141,99,2.9,6.4
51,Eric Bledsoe\bledser01,SG,31,NOP,34,1012,0.437,0.486,0.385,0.531,0.667,0.551,0.218,0.487,94,92,104,99,86,96,88,124,-4.7,-16.4
52,Keljin Blevins\blevike01,SF,25,POR,9,47,0.182,0.286,0,0.182,,0.182,0,0.364,39,54,,34,,32,,92,-7.8,-8.6
53,Bogdan Bogdanović\bogdabo01,SG,28,ATL,11,249,0.385,0.5,0.343,0.511,0.909,0.537,0.121,0.736,83,95,93,95,117,94,49,187,-4.8,-6.6
54,Bojan Bogdanović\bogdabo02,SF,31,UTA,36,1102,0.432,0.466,0.405,0.545,0.852,0.587,0.248,0.556,93,88,110,101,109,103,100,141,6.4,14.3
55,Bol Bol\bolbo01,PF,21,DEN,15,84,0.5,0.5,0.5,0.614,0.5,0.612,0.091,0.455,108,95,136,114,64,107,37,115,3.4,1.8
56,Marques Bolden\boldema01,C,22,CLE,6,29,0.333,0.333,,0.333,0.625,0.537,2.667,0,72,63,,62,80,94,1072,,-1.2,-0.5
57,Jordan Bone\bonejo01,PG,23,ORL,14,196,0.426,0.591,0.312,0.519,,0.518,0,0.593,92,112,85,96,,91,,150,-2,-5.7
58,Isaac Bonga\bongais01,SF,21,WAS,22,271,0.378,0.438,0.345,0.489,0.75,0.503,0.089,0.644,81,83,94,91,96,88,36,163,-4.4,-6.5
59,Devin Booker\bookede01,SG,24,PHO,30,1020,0.503,0.562,0.367,0.559,0.842,0.605,0.297,0.306,108,107,100,104,108,106,119,77,23.6,41.2
60,Chris Boucher\bouchch01,C,28,TOR,35,816,0.524,0.587,0.438,0.616,0.759,0.649,0.352,0.417,113,111,119,115,98,113,141,106,48,54.7
61,Brian Bowen\bowenbr02,SF,22,IND,1,5,0.5,0.5,,0.5,1,0.615,0.5,0,108,95,,93,128,108,201,,-0.1,0.2
62,Avery Bradley\bradlav01,SG,30,MIA,10,211,0.47,0.536,0.421,0.591,0.778,0.608,0.136,0.576,101,102,114,110,100,106,55,146,7.1,5
63,Tony Bradley\bradlto01,C,23,PHI,12,127,0.564,0.579,0,0.564,0.6,0.57,0.128,0.026,121,110,,105,77,100,52,6,2.1,-0.1
64,Jarrell Brantley\brantja01,PF,24,UTA,10,28,0.4,0.333,0.429,0.55,,0.55,0,0.7,86,63,116,102,,96,,177,0.3,-0.4
65,Ignas Brazdeikis\brazdig01,SF,22,NYK,4,7,0,0,,0,1,0.532,2,0,,,,,128,93,804,,-1.1,-0.1
66,Mikal Bridges\bridgmi01,SF,24,PHO,34,1104,0.526,0.621,0.426,0.629,0.838,0.661,0.249,0.483,113,118,116,117,108,116,100,122,59,63.7
67,Miles Bridges\bridgmi02,PF,22,CHO,35,937,0.491,0.577,0.383,0.576,0.932,0.609,0.164,0.446,106,109,104,107,120,106,66,113,20.9,21.3
68,Malcolm Brogdon\brogdma01,PG,28,IND,33,1178,0.451,0.486,0.387,0.519,0.904,0.552,0.156,0.352,97,92,105,97,116,97,63,89,-22.2,-25.7
69,Dillon Brooks\brookdi01,SF,25,MEM,28,811,0.399,0.444,0.325,0.461,0.81,0.487,0.137,0.384,86,84,88,86,104,85,55,97,-64.8,-76
70,Bruce Brown\brownbr01,PG,24,BRK,33,698,0.59,0.653,0.273,0.613,0.717,0.634,0.265,0.165,127,124,74,114,92,111,107,42,30,27.7
71,Jaylen Brown\brownja02,SG,24,BOS,32,1082,0.497,0.547,0.39,0.559,0.781,0.591,0.25,0.314,107,104,106,104,100,103,100,80,25.7,26.3
72,Moses Brown\brownmo01,C,21,OKC,7,31,0.7,0.7,,0.7,0.5,0.65,1.4,0,151,133,,130,64,114,563,,3.3,2.5
73,Sterling Brown\brownst02,SG,25,HOU,32,713,0.439,0.507,0.402,0.569,0.933,0.585,0.076,0.648,94,96,109,106,120,102,31,164,12.3,5.4
74,Troy Brown Jr.\browntr01,SF,21,WAS,17,231,0.366,0.455,0.289,0.444,0.583,0.459,0.169,0.535,79,86,79,83,75,80,68,136,-13.3,-17.2
75,Jalen Brunson\brunsja01,PG,24,DAL,30,748,0.53,0.606,0.402,0.605,0.853,0.646,0.286,0.37,114,115,109,113,110,113,115,94,35.4,43.7
76,Thomas Bryant\bryanth01,C,23,WAS,10,271,0.648,0.714,0.429,0.698,0.667,0.704,0.264,0.231,140,135,116,130,86,123,106,58,29.2,26.9
77,Reggie Bullock\bullore01,SF,29,NYK,31,809,0.411,0.457,0.381,0.526,0.857,0.543,0.091,0.602,88,87,103,98,110,95,37,153,-5.3,-13.7
78,Trey Burke\burketr01,PG,28,DAL,33,537,0.449,0.505,0.394,0.549,0.871,0.576,0.151,0.507,97,96,107,102,112,101,61,129,4.6,2
79,Alec Burks\burksal01,SG,29,NYK,24,597,0.404,0.404,0.404,0.509,0.839,0.554,0.257,0.523,87,77,110,95,108,97,103,133,-12.3,-8.4
80,Jimmy Butler\butleji01,SF,31,MIA,21,695,0.442,0.468,0.219,0.453,0.862,0.56,0.578,0.106,95,89,59,84,111,98,232,27,-50.5,-8.7
81,Bruno Caboclo\cabocbr01,PF,25,HOU,6,36,0.471,0.667,0,0.471,0.5,0.475,0.118,0.294,101,126,,88,64,83,47,75,-2.3,-3.4
82,Devontae Cacok\cacokde01,PF,24,LAL,4,17,1,1,,1,0,0.82,0.5,0,215,190,,186,,143,201,,3.7,2.4
83,Kentavious Caldwell-Pope\caldwke01,SG,27,LAL,33,863,0.438,0.484,0.402,0.551,0.848,0.586,0.205,0.567,94,92,109,103,109,102,83,144,6.2,6.8
84,Facundo Campazzo\campafa01,PG,29,DEN,30,488,0.405,0.462,0.379,0.536,0.811,0.58,0.294,0.691,87,87,103,100,104,101,118,175,-0.4,2.3
85,Vlatko Čančar\cancavl01,PF,23,DEN,19,106,0.333,0.5,0.167,0.375,0.833,0.432,0.25,0.5,72,95,45,70,107,76,101,127,-7.8,-7.5
86,Clint Capela\capelca01,C,26,ATL,32,949,0.589,0.589,,0.589,0.55,0.593,0.283,0,127,112,,110,71,104,114,,36.6,17.1
87,Vernon Carey Jr.\careyve01,C,19,CHO,3,6,0.333,0.5,0,0.333,0.5,0.387,0.667,0.333,72,95,,62,64,68,268,84,-1.2,-1.4
88,Jevon Carter\carteje01,PG,25,PHO,28,277,0.351,0.458,0.302,0.455,1,0.462,0.026,0.688,75,87,82,85,128,81,10,174,-12.8,-17
89,Michael Carter-Williams\cartemi01,SG,29,ORL,17,450,0.403,0.443,0.258,0.431,0.763,0.476,0.264,0.215,87,84,70,80,98,83,106,55,-30.8,-30.8
90,Wendell Carter Jr.\cartewe01,C,21,CHI,23,618,0.535,0.556,0.35,0.553,0.733,0.598,0.434,0.101,115,105,95,103,94,105,175,26,6.2,12.4
91,Alex Caruso\carusal01,PG,26,LAL,29,577,0.428,0.453,0.4,0.524,0.696,0.541,0.159,0.483,92,86,109,98,89,95,64,122,-3.9,-9.4
92,Willie Cauley-Stein\caulewi01,C,27,DAL,31,537,0.625,0.651,0.167,0.629,0.646,0.646,0.429,0.054,134,123,45,117,83,113,172,14,20.6,19.8
93,Chris Chiozza\chiozch01,PG,25,BRK,15,136,0.362,0.333,0.391,0.457,0.769,0.503,0.277,0.489,78,63,106,85,99,88,111,124,-7.5,-7.3
94,Marquese Chriss\chrisma01,PF,23,GSW,2,27,0.357,0.444,0.2,0.393,0.5,0.412,0.286,0.357,77,84,54,73,64,72,115,91,-4,-5
95,Brandon Clarke\clarkbr01,PF,24,MEM,26,697,0.515,0.552,0.333,0.543,0.66,0.56,0.199,0.169,111,105,90,101,85,98,80,43,3.1,-6.8
96,Gary Clark\clarkga01,SF,26,ORL,30,572,0.295,0.412,0.274,0.411,0.889,0.431,0.08,0.848,63,78,74,76,114,75,32,215,-28.4,-32.6
97,Jordan Clarkson\clarkjo01,SG,28,UTA,36,937,0.447,0.554,0.37,0.555,0.967,0.581,0.113,0.581,96,105,100,103,124,102,46,147,18.3,9.8
98,Nicolas Claxton\claxtni01,C,21,BRK,5,76,0.69,0.714,0,0.69,0.714,0.711,0.483,0.035,148,135,,128,92,124,194,9,8.8,9.8
99,Amir Coffey\coffeam01,SG,23,LAC,20,154,0.525,0.526,0.524,0.662,0.333,0.637,0.225,0.525,113,100,142,123,43,111,90,133,10,5.7
100,John Collins\collijo01,PF,23,ATL,36,1104,0.536,0.592,0.388,0.589,0.853,0.625,0.232,0.275,115,112,105,110,110,109,93,70,48.8,54.8
101,Mike Conley\conlemi01,PG,33,UTA,29,853,0.444,0.468,0.422,0.555,0.829,0.588,0.209,0.529,95,89,114,103,107,103,84,134,12.8,12.7
102,Pat Connaughton\connapa01,SG,28,MIL,32,666,0.436,0.527,0.391,0.567,0.824,0.583,0.103,0.667,94,100,106,105,106,102,41,169,9.6,3.8
103,Quinn Cook\cookqu01,PG,27,LAL,16,62,0.462,0.538,0.385,0.558,0.8,0.585,0.192,0.5,99,102,104,104,103,102,77,127,1.1,0.8
104,Tyler Cook\cookty01,PF,23,BRK,4,17,0.333,0.333,,0.333,,0.333,0,0,72,63,,62,,58,,,-1.2,-1.4
105,DeMarcus Cousins\couside01,C,30,HOU,25,506,0.376,0.425,0.336,0.469,0.746,0.511,0.281,0.552,81,81,91,87,96,89,113,140,-28.7,-28.8
106,Robert Covington\covinro01,PF,30,POR,32,1017,0.376,0.465,0.337,0.494,0.808,0.513,0.11,0.7,81,88,92,92,104,90,44,178,-20.7,-29.1
107,Torrey Craig\craigto01,SF,30,MIL,17,194,0.395,0.409,0.381,0.488,0.5,0.49,0.046,0.488,85,78,103,91,64,86,19,124,-4.2,-7.2
108,Jae Crowder\crowdja01,PF,30,PHO,31,859,0.395,0.477,0.369,0.534,0.829,0.557,0.133,0.753,85,90,100,99,106,97,54,191,-1.7,-8.3
109,Jarrett Culver\culveja01,SG,21,MIN,19,376,0.422,0.495,0.229,0.453,0.6,0.478,0.273,0.273,91,94,62,84,77,84,110,69,-21.6,-27
110,Seth Curry\curryse01,SG,30,PHI,28,836,0.469,0.489,0.448,0.576,0.923,0.614,0.199,0.477,101,93,122,107,119,107,80,121,20.4,24.3
111,Stephen Curry\curryst01,PG,32,GSW,35,1194,0.478,0.567,0.411,0.595,0.934,0.646,0.274,0.572,103,107,112,111,120,113,110,145,83.2,119
112,Anthony Davis\davisan02,PF,27,LAL,23,755,0.533,0.575,0.293,0.555,0.715,0.588,0.339,0.151,115,109,80,103,92,103,136,38,13.3,14.7
113,Ed Davis\davised01,C,31,MIN,19,264,0.419,0.419,,0.419,0.875,0.462,0.186,0,90,79,,78,112,81,75,,-10.2,-10.2
114,Terence Davis\daviste02,SG,23,TOR,29,411,0.41,0.479,0.363,0.517,0.867,0.534,0.087,0.59,88,91,98,96,111,94,35,149,-7,-13.3
115,DeMar DeRozan\derozde01,PF,31,SAS,28,945,0.489,0.515,0.32,0.511,0.891,0.602,0.505,0.132,105,98,87,95,114,105,203,33,-20.5,27.9
116,Hamidou Diallo\diallha01,SG,22,OKC,32,761,0.481,0.512,0.293,0.502,0.629,0.536,0.444,0.138,104,97,79,93,81,94,179,35,-21.2,-25
117,Gorgui Dieng\dienggo01,C,31,MEM,22,371,0.518,0.55,0.479,0.625,0.884,0.681,0.398,0.444,112,104,130,116,114,119,160,113,18.9,27.9
118,Spencer Dinwiddie\dinwisp01,SG,27,BRK,3,64,0.375,0.444,0.286,0.438,1,0.536,0.375,0.438,81,84,78,81,128,94,151,111,-3.2,-1.3
119,Donte DiVincenzo\divindo01,SG,24,MIL,35,930,0.423,0.461,0.39,0.526,0.613,0.533,0.095,0.528,91,87,106,98,79,93,38,134,-7.4,-26.3
120,Luka Dončić\doncilu01,PG,21,DAL,32,1125,0.477,0.544,0.357,0.541,0.757,0.587,0.382,0.356,103,103,97,101,97,103,153,90,5,24
121,Luguentz Dort\dortlu01,SG,21,OKC,34,1004,0.391,0.47,0.325,0.48,0.753,0.514,0.231,0.543,84,89,88,89,97,90,93,138,-42.6,-46.5
122,Damyean Dotson\dotsoda01,SG,26,CLE,30,565,0.401,0.538,0.279,0.475,0.692,0.492,0.132,0.528,86,102,76,88,89,86,53,134,-24.8,-33.3
123,Devon Dotson\dotsode01,PG,21,CHI,1,10,0.5,0.5,,0.5,,0.5,0,0,108,95,,93,,87,,,-0.3,-0.6
124,Sekou Doumbouya\doumbse01,PF,20,DET,31,424,0.343,0.429,0.228,0.392,0.731,0.426,0.194,0.425,74,81,62,73,94,75,78,108,-39,-42.3
125,PJ Dozier\doziepj01,SG,24,DEN,20,385,0.459,0.5,0.396,0.537,0.639,0.559,0.295,0.393,99,95,107,100,82,98,119,100,-0.1,-3.6
126,Goran Dragić\dragigo01,PG,34,MIA,21,565,0.455,0.513,0.362,0.524,0.831,0.568,0.264,0.382,98,97,98,98,107,99,106,97,-6.4,-2
127,Andre Drummond\drumman01,C,27,CLE,25,722,0.474,0.484,0,0.474,0.597,0.5,0.34,0.021,102,92,,88,77,88,136,5,-48.5,-62.4
128,Jared Dudley\dudleja01,PF,35,LAL,11,76,0.286,0,0.4,0.429,,0.429,0,0.714,61,,109,80,,75,,181,-1.5,-2
129,Kevin Durant\duranke01,PF,32,BRK,19,679,0.524,0.565,0.434,0.592,0.869,0.652,0.404,0.315,113,107,118,110,112,114,162,80,39.1,67.6
130,Anthony Edwards\edwaran01,SG,19,MIN,36,1048,0.371,0.42,0.302,0.434,0.805,0.466,0.162,0.419,80,80,82,81,103,81,65,106,-111.2,-121.7
131,Carsen Edwards\edwarca01,SG,22,BOS,14,147,0.46,0.621,0.324,0.548,0.778,0.568,0.143,0.54,99,118,88,102,100,99,57,137,1.3,-0.6
132,CJ Elleby\ellebcj01,SF,20,POR,13,105,0.452,0.75,0.263,0.532,0.667,0.558,0.29,0.613,97,142,71,99,86,98,117,155,-0.3,-1
133,Wayne Ellington\ellinwa01,SG,33,DET,27,612,0.455,0.533,0.434,0.627,0.731,0.637,0.122,0.789,98,101,118,117,94,111,49,200,38,29.4
134,Joel Embiid\embiijo01,C,26,PHI,30,990,0.521,0.541,0.416,0.555,0.856,0.646,0.636,0.163,112,103,113,103,110,113,256,41,19,104.5
135,James Ennis\ennisja01,SF,30,ORL,24,514,0.5,0.534,0.447,0.588,0.786,0.628,0.35,0.392,108,101,121,109,101,110,141,99,12,15.7
136,Drew Eubanks\eubandr01,C,23,SAS,14,168,0.408,0.408,,0.408,0.7,0.467,0.408,0,88,77,,76,90,82,164,,-12.7,-12.1
137,Dante Exum\exumda01,SG,25,CLE,6,116,0.385,0.533,0.182,0.423,0.5,0.428,0.077,0.423,83,101,49,79,64,75,31,107,-5.9,-7.7
138,Tacko Fall\fallta01,C,25,BOS,8,57,0.692,0.692,,0.692,0.375,0.636,0.615,0,149,131,,129,48,111,247,,4,2.1
139,Derrick Favors\favorde01,C,29,UTA,34,550,0.649,0.654,0,0.649,0.789,0.689,0.435,0.008,140,124,,121,101,120,175,2,29.2,36.5
140,Cristiano Felício\feliccr01,C,28,CHI,6,38,0.75,0.75,,0.75,0.625,0.731,2,0,161,142,,140,80,128,804,,1.7,2.4
141,Terrance Ferguson\fergute01,SG,22,PHI,9,34,0.2,0.5,0,0.2,,0.2,0,0.6,43,95,,37,,35,,152,-3.4,-3.7
142,Bruno Fernando\fernabr01,C,22,ATL,18,151,0.44,0.478,0,0.44,0.6,0.49,0.6,0.08,95,91,,82,77,86,241,20,-4.9,-5.1
143,Yogi Ferrell\ferreyo01,PG,27,CLE,2,40,0.381,0.417,0.333,0.452,0,0.434,0.095,0.429,82,79,90,84,,76,38,109,-3.6,-6
144,Dorian Finney-Smith\finnedo01,PF,27,DAL,25,787,0.428,0.59,0.344,0.542,0.833,0.553,0.067,0.661,92,112,93,101,107,97,27,168,1.5,-6.8
145,Malachi Flynn\flynnma01,PG,22,TOR,15,125,0.267,0.368,0.192,0.322,0.667,0.346,0.133,0.578,57,70,52,60,86,61,54,146,-19.4,-21.5
146,Bryn Forbes\forbebr01,SG,27,MIL,35,663,0.473,0.5,0.456,0.615,0.741,0.625,0.105,0.625,102,95,124,114,95,109,42,158,39.8,28.7
147,Trent Forrest\forretr01,PG,22,UTA,7,20,0,0,0,0,1,0.258,0.667,0.667,,,,,128,45,268,169,-3.2,-2.4
148,Evan Fournier\fournev01,SF,28,ORL,21,613,0.45,0.528,0.371,0.543,0.79,0.593,0.372,0.496,97,100,101,101,102,104,150,126,2.9,13.8
149,De'Aaron Fox\foxde01,PG,23,SAC,34,1159,0.466,0.519,0.343,0.517,0.676,0.552,0.368,0.3,100,98,93,96,87,97,148,76,-24.2,-27.1
150,Tim Frazier\fraziti01,PG,30,MEM,3,33,0.25,0.333,0,0.25,,0.25,0,0.25,54,63,,47,,44,,63,-4.6,-5.1
151,Markelle Fultz\fultzma01,PG,22,ORL,8,215,0.394,0.42,0.25,0.413,0.895,0.458,0.183,0.154,85,80,68,77,115,80,73,39,-25.8,-25.5
152,Wenyen Gabriel\gabriwe01,PF,23,NOP,4,12,0,0,0,0,,0,0,0.333,,,,,,,,84,-3.2,-3.4
153,Daniel Gafford\gaffoda01,PF,22,CHI,26,343,0.667,0.667,,0.667,0.667,0.684,0.52,0,143,126,,124,86,120,209,,19.4,20.6
154,Danilo Gallinari\gallida01,PF,32,ATL,24,525,0.391,0.395,0.388,0.505,0.934,0.582,0.367,0.585,84,75,105,94,120,102,148,148,-13.5,5.1
155,Langston Galloway\gallola01,SG,29,PHO,25,262,0.463,0.472,0.457,0.591,1,0.634,0.195,0.561,100,90,124,110,128,111,78,142,8.9,11.2
156,Darius Garland\garlada01,PG,21,CLE,28,922,0.44,0.465,0.384,0.499,0.849,0.524,0.13,0.307,95,88,104,93,109,92,52,78,-31.5,-41
157,Marc Gasol\gasolma01,C,36,LAL,35,703,0.403,0.469,0.365,0.519,0.806,0.561,0.269,0.634,87,89,99,97,104,98,108,161,-5,-3.3
158,Rudy Gay\gayru01,PF,34,SAS,26,572,0.419,0.459,0.366,0.498,0.767,0.524,0.167,0.434,90,87,99,93,99,92,67,110,-20.3,-26.6
159,Paul George\georgpa01,SF,30,LAC,27,904,0.499,0.542,0.45,0.604,0.888,0.642,0.237,0.468,107,103,122,112,114,112,95,119,60.2,70.5
160,Taj Gibson\gibsota01,PF,35,NYK,12,181,0.581,0.667,0.286,0.613,0.583,0.62,0.387,0.226,125,126,78,114,75,108,156,57,4.7,3.5
161,Harry Giles\gilesha01,C,22,POR,22,260,0.419,0.426,0.375,0.444,0.722,0.486,0.29,0.129,90,81,102,83,93,85,117,33,-11.6,-11.9
162,Shai Gilgeous-Alexander\gilgesh01,SG,22,OKC,29,983,0.508,0.554,0.41,0.574,0.788,0.624,0.421,0.321,109,105,111,107,101,109,169,81,32.4,55.6
163,Anthony Gill\gillan01,PF,28,WAS,12,67,0.3,0.667,0.143,0.35,0.75,0.425,0.4,0.7,65,126,39,65,96,74,161,177,-3.7,-3.4
164,Rudy Gobert\goberru01,C,28,UTA,36,1105,0.64,0.643,0,0.641,0.599,0.649,0.644,0.003,138,122,,119,77,114,259,1,63.1,61
165,Brandon Goodwin\goodwbr01,PG,25,ATL,24,289,0.33,0.377,0.283,0.401,0.708,0.438,0.226,0.5,71,72,77,75,91,77,91,127,-28.9,-31.3
166,Aaron Gordon\gordoaa01,PF,25,ORL,19,552,0.427,0.465,0.369,0.5,0.613,0.528,0.376,0.394,92,88,100,93,79,92,151,100,-16,-21.8
167,Eric Gordon\gordoer01,SG,32,HOU,26,763,0.437,0.584,0.328,0.531,0.836,0.582,0.314,0.574,94,111,89,99,107,102,126,146,-4.2,8.5
168,Devonte' Graham\grahade01,PG,25,CHO,25,821,0.352,0.361,0.346,0.465,0.775,0.503,0.229,0.652,76,68,94,86,100,88,92,165,-45.2,-47.2
169,Jerami Grant\grantje01,SF,26,DET,33,1194,0.433,0.477,0.363,0.503,0.889,0.571,0.353,0.381,93,90,99,94,114,100,142,96,-40.9,-1.1
170,Danny Green\greenda02,SF,33,PHI,36,1018,0.393,0.456,0.376,0.541,0.65,0.547,0.074,0.789,84,86,102,101,84,96,30,200,1.8,-13.8
171,Draymond Green\greendr01,PF,30,GSW,31,918,0.391,0.47,0.237,0.431,0.711,0.464,0.218,0.339,84,89,64,80,91,81,88,86,-37,-41.1
172,JaMychal Green\greenja01,PF,30,DEN,25,512,0.444,0.464,0.427,0.558,0.844,0.587,0.178,0.533,96,88,116,104,108,103,71,135,7.5,6.1
173,Javonte Green\greenja02,SG,27,BOS,22,330,0.549,0.653,0.318,0.599,0.667,0.624,0.422,0.31,118,124,86,111,86,109,170,79,8.7,8.7
174,Jeff Green\greenje02,C,34,BRK,33,870,0.507,0.598,0.422,0.617,0.796,0.642,0.22,0.52,109,113,115,115,102,112,88,132,35.3,34.4
175,Josh Green\greenjo02,SG,20,DAL,17,212,0.472,0.625,0.167,0.5,0.545,0.514,0.306,0.333,102,118,45,93,70,90,123,84,-2.7,-4.7
176,Blake Griffin\griffbl01,PF,31,DET,20,626,0.365,0.429,0.315,0.453,0.71,0.491,0.279,0.559,79,81,85,84,91,86,112,142,-37.6,-40
177,Kyle Guy\guyky01,PG,23,SAC,14,115,0.318,0.4,0.25,0.386,0.875,0.431,0.182,0.545,68,76,68,72,112,75,73,138,-13.3,-13.3
178,Rui Hachimura\hachiru01,PF,22,WAS,26,781,0.456,0.51,0.298,0.494,0.769,0.545,0.349,0.257,98,97,81,92,99,95,140,65,-22.5,-16.2
179,Ashton Hagans\haganas01,PG,21,MIN,2,4,,,,,,,,,,,,,,,,,0,0
180,Tyrese Haliburton\halibty01,PG,20,SAC,30,903,0.493,0.562,0.433,0.608,0.833,0.619,0.077,0.529,106,106,117,113,107,108,31,134,43.8,30.5
181,Josh Hall\halljo01,SF,20,OKC,7,51,0.222,0.3,0.125,0.25,0.429,0.285,0.389,0.444,48,57,34,47,55,50,156,113,-10.3,-12.1
182,R.J. Hampton\hamptrj01,PG,19,DEN,24,220,0.414,0.475,0.278,0.457,0.7,0.481,0.172,0.31,89,90,75,85,90,84,69,79,-9.3,-11.3
183,Tim Hardaway Jr.\hardati02,SG,28,DAL,33,975,0.438,0.511,0.385,0.55,0.802,0.577,0.187,0.581,94,97,104,102,103,101,75,147,10.5,5
184,James Harden\hardeja01,SG-PG,31,TOT,31,1173,0.484,0.562,0.401,0.581,0.859,0.642,0.412,0.487,104,107,109,108,110,112,166,124,45.3,85.7
185,James Harden\hardeja01,SG,31,HOU,8,290,0.444,0.556,0.347,0.537,0.883,0.613,0.444,0.533,96,105,94,100,113,107,179,135,-0.1,13.5
186,James Harden\hardeja01,PG,31,BRK,23,883,0.497,0.564,0.422,0.597,0.85,0.652,0.401,0.471,107,107,115,111,109,114,161,119,45.4,72.3
187,Maurice Harkless\harklma01,SF,27,MIA,10,109,0.4,0,0.5,0.6,0,0.551,0.2,0.8,86,,136,112,,96,80,203,1.3,-0.4
188,Jared Harper\harpeja01,PG,23,NYK,2,5,0,0,,0,1,0.532,2,0,,,,,128,93,804,,-1.1,-0.1
189,Montrezl Harrell\harremo01,C,27,LAL,37,891,0.626,0.637,0,0.626,0.756,0.658,0.368,0.018,135,121,,116,97,115,148,5,59,67.2
190,Gary Harris\harriga01,SG,26,DEN,19,581,0.442,0.556,0.32,0.519,0.733,0.544,0.192,0.481,95,105,87,97,94,95,77,122,-5.7,-9.5
191,Jalen Harris\harrija01,SG,22,TOR,2,4,,,,,,,,,,,,,,,,,0,0
192,Joe Harris\harrijo01,SF,29,BRK,37,1144,0.53,0.577,0.506,0.697,0.7,0.7,0.079,0.657,114,109,137,130,90,122,32,167,120.6,100.6
193,Shaquille Harrison\harrish01,SG,27,UTA,17,56,0.3,0.333,0,0.3,0.833,0.375,0.3,0.1,65,63,,56,107,66,121,25,-9.5,-8.9
194,Tobias Harris\harrito02,PF,28,PHI,31,1066,0.513,0.554,0.402,0.567,0.887,0.607,0.226,0.27,110,105,109,106,114,106,91,68,27.8,36.3
195,Isaiah Hartenstein\harteis01,C,22,DEN,25,232,0.493,0.493,,0.493,0.594,0.522,0.438,0,106,93,,92,76,91,176,,-6.5,-8.6
196,Josh Hart\hartjo01,SF,25,NOP,35,991,0.453,0.6,0.343,0.551,0.739,0.581,0.265,0.571,97,114,93,103,95,102,107,145,6.7,5.2
197,Jaxson Hayes\hayesja02,C,20,NOP,24,290,0.682,0.682,,0.683,0.655,0.693,0.46,0,147,129,,127,84,121,185,,18.3,18.4
198,Killian Hayes\hayeski01,PG,19,DET,7,148,0.277,0.296,0.25,0.33,0.5,0.334,0.043,0.425,60,56,68,61,64,58,17,108,-19.5,-22.7
199,Gordon Hayward\haywago01,SF,30,CHO,31,1080,0.487,0.525,0.405,0.551,0.857,0.595,0.264,0.314,105,99,110,102,110,104,106,80,13.3,26
200,Juan Hernangómez\hernaju01,PF,25,MIN,17,271,0.4,0.54,0.302,0.489,0.684,0.513,0.211,0.589,86,102,82,91,88,90,85,149,-8.7,-11.5
201,Willy Hernangómez\hernawi01,C,26,NOP,20,359,0.545,0.562,0.2,0.55,0.667,0.576,0.327,0.045,117,107,54,102,86,101,132,12,2.8,1.1
202,Tyler Herro\herroty01,SG,21,MIA,24,791,0.443,0.508,0.352,0.516,0.772,0.541,0.168,0.419,95,96,96,96,99,95,68,106,-14.4,-22.3
203,Buddy Hield\hieldbu01,SG,28,SAC,35,1216,0.388,0.417,0.377,0.526,0.844,0.549,0.131,0.731,83,79,102,98,108,96,53,185,-11.7,-23.4
204,George Hill\hillge01,PG,34,OKC,14,369,0.508,0.619,0.386,0.6,0.84,0.63,0.208,0.475,109,117,105,112,108,110,84,120,15,15.2
205,Solomon Hill\hillso01,PF,29,ATL,36,686,0.356,0.462,0.318,0.473,0.882,0.498,0.114,0.738,77,87,86,88,113,87,46,187,-19.2,-22.9
206,Nate Hinton\hintona01,SG,21,DAL,6,19,0.231,0.25,0.2,0.269,0.5,0.288,0.154,0.385,50,47,54,50,64,50,62,97,-7,-7.9
207,Aaron Holiday\holidaa01,PG,24,IND,34,658,0.371,0.385,0.352,0.445,0.725,0.469,0.158,0.415,80,73,96,83,93,82,64,105,-46.9,-55.4
208,Jrue Holiday\holidjr01,PG,30,MIL,25,783,0.493,0.573,0.364,0.563,0.756,0.581,0.145,0.381,106,109,99,105,97,102,58,96,15.8,5.9
209,Justin Holiday\holidju01,SG,31,IND,34,1103,0.454,0.558,0.411,0.599,0.82,0.622,0.171,0.707,98,106,111,111,105,109,69,179,36.1,31.8
210,Richaun Holmes\holmeri01,C,27,SAC,31,912,0.658,0.669,0.167,0.66,0.806,0.687,0.274,0.023,142,127,45,123,104,120,110,6,64.3,68.1
211,Rodney Hood\hoodro01,SF,28,POR,29,559,0.368,0.412,0.303,0.429,0.625,0.435,0.049,0.405,79,78,82,80,80,76,20,103,-35.2,-45.4
212,Al Horford\horfoal01,C,34,OKC,24,677,0.442,0.506,0.356,0.518,0.778,0.527,0.058,0.423,95,96,97,96,100,92,23,107,-12.4,-28.8
213,Talen Horton-Tucker\hortota01,SG,20,LAL,33,576,0.441,0.507,0.286,0.484,0.821,0.517,0.183,0.296,95,96,78,90,105,90,74,75,-23,-25.2
214,Danuel House\houseda01,SF,27,HOU,22,602,0.375,0.467,0.312,0.467,0.757,0.499,0.201,0.592,81,88,85,87,97,87,81,150,-25.8,-29
215,Dwight Howard\howardw01,C,35,PHI,36,574,0.587,0.606,0.364,0.601,0.53,0.602,0.725,0.08,126,115,99,112,68,105,291,20,17.7,10.9
216,Markus Howard\howarma02,SG,21,DEN,17,55,0.194,0.333,0.136,0.242,0.5,0.251,0.065,0.71,42,63,37,45,64,44,26,180,-18.3,-20.4
217,Kevin Huerter\huertke01,SG,22,ATL,36,1157,0.426,0.5,0.365,0.526,0.824,0.541,0.088,0.545,92,95,99,98,106,95,35,138,-9,-24.6
218,Elijah Hughes\hugheel01,SF,22,UTA,6,27,0.333,0.4,0.3,0.433,0.75,0.477,0.267,0.667,72,76,81,81,96,83,107,169,-3.1,-3.2
219,De'Andre Hunter\huntede01,SF,23,ATL,18,579,0.514,0.609,0.366,0.586,0.877,0.64,0.348,0.391,111,116,99,109,113,112,140,99,20.3,33.2
220,Chandler Hutchison\hutchch01,SF,24,CHI,7,64,0.278,0.267,0.333,0.306,1,0.344,0.111,0.167,60,51,90,57,128,60,45,42,-8.3,-8.6
221,Serge Ibaka\ibakase01,C,31,LAC,36,869,0.511,0.579,0.359,0.566,0.818,0.587,0.133,0.311,110,110,97,105,105,103,53,79,19.2,10.4
222,Andre Iguodala\iguodan01,SF,37,MIA,33,712,0.39,0.545,0.343,0.521,0.529,0.525,0.121,0.766,84,103,93,97,68,92,48,194,-4.6,-13.8
223,Joe Ingles\inglejo01,SF,33,UTA,32,846,0.522,0.653,0.465,0.684,0.895,0.705,0.155,0.694,112,124,126,127,115,123,62,176,71.7,69.8
224,Brandon Ingram\ingrabr01,SF,23,NOP,35,1222,0.472,0.52,0.379,0.537,0.885,0.589,0.286,0.344,101,99,103,100,114,103,115,87,-0.6,25.3
225,Kyrie Irving\irvinky01,PG,28,BRK,26,924,0.51,0.564,0.411,0.583,0.887,0.617,0.201,0.351,110,107,111,108,114,108,81,89,47.5,52.1
226,Wesley Iwundu\iwundwe01,SF,26,DAL,20,246,0.298,0.458,0.13,0.33,0.818,0.386,0.234,0.489,64,87,35,61,105,67,94,124,-19.5,-19.3
227,Frank Jackson\jacksfr01,PG,22,DET,9,54,0.273,0.222,0.308,0.364,,0.364,0,0.591,59,42,83,68,,64,,150,-7.6,-9.2
228,Josh Jackson\jacksjo02,SG,23,DET,32,797,0.425,0.511,0.291,0.482,0.694,0.521,0.334,0.39,92,97,79,90,89,91,134,99,-40.1,-41.8
229,Justin Jackson\jacksju01,SF,25,OKC,24,393,0.414,0.536,0.303,0.493,0.8,0.517,0.138,0.524,89,102,82,92,103,90,55,133,-12.9,-16.8
230,Reggie Jackson\jacksre01,SG,30,LAC,34,681,0.454,0.496,0.404,0.546,0.756,0.568,0.171,0.454,98,94,110,102,97,99,69,115,4,-2
231,Justin James\jamesju01,SF,24,SAC,13,69,0.391,0.5,0.222,0.435,0.25,0.415,0.348,0.391,84,95,60,81,32,73,140,99,-4.7,-8.3
232,LeBron James\jamesle01,PG,36,LAL,36,1245,0.509,0.591,0.358,0.572,0.692,0.597,0.303,0.349,110,112,97,106,89,104,122,89,47.5,39.9
233,DaQuan Jeffries\jeffrda01,SG,23,SAC,11,182,0.423,0.5,0.333,0.5,0.857,0.526,0.135,0.462,91,95,90,93,110,92,54,117,-3.9,-5
234,Ty Jerome\jeromty01,SG,23,OKC,3,80,0.577,0.727,0.467,0.712,,0.712,0,0.577,124,138,127,132,,124,,146,9.1,7.3
235,Isaiah Joe\joeis01,SG,21,PHI,20,240,0.367,0.316,0.383,0.513,1,0.53,0.063,0.759,79,60,104,95,128,93,25,192,-3.9,-6.8
236,Cameron Johnson\johnsca02,PF,24,PHO,34,823,0.437,0.559,0.378,0.565,0.865,0.587,0.129,0.675,94,106,103,105,111,103,52,171,15.6,9.4
237,James Johnson\johnsja01,PF,33,DAL,27,484,0.464,0.61,0.259,0.518,0.538,0.525,0.186,0.414,100,116,70,96,69,92,75,105,-5.5,-14.1
238,Keldon Johnson\johnske04,SF,21,SAS,28,823,0.471,0.522,0.329,0.514,0.778,0.559,0.315,0.261,101,99,89,96,100,98,127,66,-14.5,-8.8
239,Stanley Johnson\johnsst04,PF,24,TOR,31,406,0.377,0.385,0.372,0.493,0.786,0.525,0.203,0.623,81,73,101,92,101,92,82,158,-6.2,-6.9
240,Tyler Johnson\johnsty01,SG,28,BRK,18,250,0.389,0.333,0.412,0.535,1,0.559,0.097,0.708,84,63,112,99,128,98,39,180,-0.4,-1.8
241,Nikola Jokić\jokicni01,C,25,DEN,35,1256,0.569,0.608,0.417,0.612,0.885,0.655,0.281,0.203,122,115,113,114,114,115,113,51,96.3,121.8
242,Damian Jones\jonesda03,C,25,TOT,17,125,0.619,0.65,0,0.619,0.615,0.636,0.619,0.048,133,123,,115,79,111,249,12,3.4,3.5
243,Damian Jones\jonesda03,C,25,PHO,14,94,0.5,0.533,0,0.5,0.545,0.528,0.688,0.062,108,101,,93,70,92,276,16,-1.2,-1.8
244,Damian Jones\jonesda03,C,25,LAL,3,31,1,1,,1,1,1.02,0.4,0,215,190,,186,128,178,161,,4.6,5.3
245,Derrick Jones Jr.\jonesde02,SF,23,POR,30,810,0.503,0.631,0.329,0.573,0.627,0.59,0.33,0.425,108,120,89,107,81,103,133,108,12.6,7.7
246,Mason Jones\jonesma05,SG,22,HOU,22,244,0.437,0.526,0.367,0.54,0.651,0.576,0.494,0.563,94,100,100,101,84,101,199,143,0.5,0.9
247,Tre Jones\jonestr01,PG,21,SAS,12,43,0.6,0.571,1,0.633,1,0.698,0.333,0.067,129,108,271,118,128,122,134,17,2.9,4.3
248,Tyus Jones\jonesty01,PG,24,MEM,31,678,0.439,0.512,0.293,0.488,0.85,0.504,0.082,0.336,94,97,79,91,109,88,33,85,-24.3,-34
249,DeAndre Jordan\jordade01,C,32,BRK,35,799,0.762,0.767,0,0.762,0.518,0.737,0.371,0.007,164,145,,142,67,129,149,2,67.7,58.2
250,Cory Joseph\josepco01,PG,29,SAC,35,719,0.443,0.512,0.324,0.503,0.771,0.53,0.182,0.37,95,97,88,94,99,93,73,94,-13.4,-17.1
251,Mfiondu Kabengele\kabenmf01,PF,23,LAC,20,81,0.269,0.364,0.2,0.327,0.75,0.36,0.154,0.577,58,69,54,61,96,63,62,146,-10.9,-11.7
252,Frank Kaminsky\kaminfr01,C,27,PHO,26,403,0.453,0.475,0.419,0.534,0.586,0.544,0.18,0.385,98,90,114,99,75,95,72,98,-1.1,-9.7
253,Enes Kanter\kanteen01,C,28,POR,34,885,0.587,0.587,,0.587,0.75,0.617,0.297,0,126,111,,109,96,108,119,,27.8,29.2
254,Luke Kennard\kennalu01,SG,24,LAC,33,663,0.456,0.477,0.44,0.579,0.867,0.593,0.077,0.559,98,90,120,108,111,104,31,142,16.4,8.5
255,Maxi Kleber\klebima01,PF,29,DAL,22,569,0.44,0.407,0.451,0.61,0.957,0.651,0.211,0.752,95,77,122,114,123,114,85,191,15.8,18.8
256,Nathan Knight\knighna01,PF,23,ATL,10,58,0.391,0.429,0.333,0.457,0.875,0.528,0.348,0.391,84,81,90,85,112,92,140,99,-3.7,-2.3
257,Kevin Knox\knoxke01,SF,21,NYK,26,397,0.395,0.404,0.389,0.513,0.786,0.531,0.118,0.605,85,77,106,95,101,93,47,153,-5.9,-10.1
258,John Konchar\konchjo01,SG,24,MEM,19,308,0.424,0.488,0.304,0.477,0.889,0.534,0.273,0.348,91,93,83,89,114,93,110,88,-7.9,-5.5
259,Furkan Korkmaz\korkmfu01,SG,23,PHI,25,467,0.383,0.448,0.345,0.492,0.8,0.52,0.167,0.628,82,85,94,91,103,91,67,159,-16.5,-19.9
260,Luke Kornet\kornelu01,PF,25,CHI,10,83,0.346,0.75,0.273,0.462,1,0.484,0.077,0.846,74,142,74,86,128,85,31,214,-3.9,-4.7
261,Rodions Kurucs\kurucro01,SF-PF,22,TOT,16,91,0.25,0.429,0.176,0.312,0.5,0.322,0.083,0.708,54,81,48,58,64,56,34,180,-10.8,-12.4
262,Rodions Kurucs\kurucro01,PF,22,BRK,5,16,0.333,0,0.5,0.5,,0.5,0,0.667,72,,136,93,,87,,169,-0.2,-0.4
263,Rodions Kurucs\kurucro01,SF,22,HOU,11,75,0.238,0.5,0.133,0.286,0.5,0.297,0.095,0.714,51,95,36,53,64,52,38,181,-10.6,-12
264,Kyle Kuzma\kuzmaky01,SF,25,LAL,36,932,0.444,0.519,0.365,0.533,0.632,0.541,0.104,0.488,95,98,99,99,81,95,42,124,-3.3,-23.4
265,Jeremy Lamb\lambje01,SG,28,IND,20,470,0.494,0.518,0.466,0.603,0.939,0.659,0.314,0.468,106,98,126,112,121,115,126,119,20.3,31
266,Zach LaVine\lavinza01,SG,25,CHI,34,1209,0.525,0.588,0.435,0.615,0.857,0.653,0.273,0.414,113,112,118,114,110,114,110,105,103,121.8
267,Jake Layman\laymaja01,SF,26,MIN,24,372,0.513,0.647,0.319,0.578,0.778,0.607,0.235,0.409,110,123,87,108,100,106,94,104,9.4,8.9
268,Jalen Lecque\lecquja01,PG,20,IND,3,9,0.25,0.333,0,0.25,1,0.47,0.75,0.25,54,63,,47,128,82,302,63,-2.3,-1.1
269,Damion Lee\leeda03,SG,28,GSW,36,688,0.444,0.676,0.381,0.594,0.903,0.625,0.181,0.784,96,128,103,110,116,109,73,199,19.2,19.9
270,Saben Lee\leesa01,PG,21,DET,14,216,0.569,0.559,0.667,0.6,0.657,0.628,0.538,0.092,122,106,181,112,84,110,217,23,8.1,9.1
271,Alex Len\lenal01,C,27,TOT,26,352,0.628,0.727,0.3,0.663,0.571,0.66,0.488,0.233,135,138,81,123,73,116,196,59,21.6,18.5
272,Alex Len\lenal01,C,27,TOR,7,76,0.5,0.5,0.5,0.65,0.5,0.633,0.6,0.6,108,95,136,121,64,111,241,152,2.3,1.5
273,Alex Len\lenal01,C,27,WAS,19,276,0.645,0.742,0.214,0.664,0.583,0.664,0.474,0.184,139,141,58,124,75,116,190,47,19.3,17
274,Kawhi Leonard\leonaka01,SF,29,LAC,29,1007,0.511,0.556,0.389,0.564,0.874,0.619,0.332,0.272,110,105,106,105,112,108,134,69,29,58.9
275,Meyers Leonard\leoname01,C,28,MIA,3,29,0.429,,0.429,0.643,0.5,0.634,0.286,1,92,,116,120,64,111,115,253,1.5,1
276,Caris LeVert\leverca01,SG,26,BRK,12,334,0.435,0.474,0.349,0.49,0.765,0.516,0.17,0.315,94,90,95,91,98,90,68,80,-19,-23.8
277,Kira Lewis Jr.\lewiski01,PG,19,NOP,20,256,0.374,0.391,0.343,0.434,0.65,0.459,0.202,0.353,80,74,93,81,84,80,81,90,-20.4,-24.3
278,Damian Lillard\lillada01,PG,30,POR,33,1185,0.443,0.517,0.378,0.544,0.93,0.614,0.358,0.535,95,98,103,101,120,107,144,136,8.9,66.5
279,Nassir Little\littlna01,PF,20,POR,19,221,0.5,0.517,0.485,0.629,0.857,0.674,0.339,0.532,108,98,132,117,110,118,136,135,11.4,14.5
280,Kevon Looney\looneke01,C,24,GSW,26,388,0.6,0.615,0.4,0.614,0.762,0.644,0.3,0.071,129,117,109,114,98,113,121,18,10.8,11.4
281,Brook Lopez\lopezbr01,C,32,MIL,35,948,0.467,0.593,0.351,0.558,0.82,0.59,0.21,0.519,101,112,95,104,105,103,84,132,12.2,11.6
282,Robin Lopez\lopezro01,C,32,WAS,33,664,0.594,0.617,0.308,0.606,0.697,0.635,0.422,0.072,128,117,83,113,90,111,170,18,24.5,27
283,Kevin Love\loveke01,PF,32,CLE,2,46,0.333,0.333,0.333,0.417,0.8,0.47,0.278,0.5,72,63,90,78,103,82,112,127,-4.3,-4.1
284,Kyle Lowry\lowryky01,PG,34,TOR,28,962,0.466,0.53,0.41,0.576,0.865,0.621,0.286,0.537,100,100,111,107,111,109,115,136,27.8,40.6
285,Timothé Luwawu-Cabarrot\luwawti01,SF,25,BRK,34,669,0.389,0.44,0.363,0.509,0.769,0.527,0.118,0.661,84,83,99,95,99,92,47,167,-12.6,-20.8
286,Trey Lyles\lylestr01,PF,25,SAS,18,284,0.473,0.564,0.371,0.561,0.632,0.577,0.257,0.473,102,107,101,104,81,101,103,120,3.5,0.8
287,Thon Maker\makerth01,C,23,CLE,8,76,0.556,0.625,0,0.556,0.909,0.657,0.611,0.111,120,118,,103,117,115,246,28,0.7,3.9
288,Théo Maledon\maledth01,PG,19,OKC,30,767,0.396,0.455,0.355,0.5,0.733,0.519,0.141,0.585,85,86,96,93,94,91,57,148,-15.9,-23.5
289,Karim Mané\maneka01,PG,20,ORL,6,56,0.111,0,0.5,0.167,1,0.325,0.444,0.222,24,,136,31,128,57,179,56,-6.7,-5.3
290,Nico Mannion\mannini01,PG,19,GSW,6,36,0.231,0.25,0.222,0.308,0.25,0.305,0.308,0.692,50,47,60,57,32,53,124,175,-6,-7.9
291,Terance Mann\mannte01,SG,24,LAC,34,520,0.484,0.533,0.344,0.528,0.75,0.561,0.258,0.258,104,101,93,98,96,98,104,65,-2.3,-2.9
292,Boban Marjanović\marjabo01,C,32,DAL,18,141,0.5,0.529,0,0.5,0.714,0.525,0.194,0.056,108,100,,93,92,92,78,14,-5.4,-7.4
293,Lauri Markkanen\markkla01,PF,23,CHI,14,426,0.513,0.655,0.396,0.622,0.844,0.654,0.243,0.546,110,124,107,116,109,114,98,138,31.1,33.8
294,Naji Marshall\marshna01,SF,23,NOP,3,8,0,0,0,0,0.5,0.174,1,0.5,,,,,64,30,402,127,-2.1,-2.3
295,Caleb Martin\martica02,SF,25,CHO,26,395,0.413,0.474,0.333,0.485,0.538,0.495,0.196,0.429,89,90,90,90,69,87,79,109,-14,-22.1
296,Cody Martin\martico01,SF,25,CHO,23,268,0.516,0.659,0.2,0.547,0.8,0.57,0.156,0.312,111,125,54,102,103,100,63,79,1.2,-0.2
297,Kelan Martin\martike03,SF,25,IND,12,48,0.35,0.455,0.222,0.4,1,0.431,0.1,0.45,75,86,60,74,128,75,40,114,-5.5,-5.9
298,Kenyon Martin Jr.\martike04,SF,20,HOU,7,69,0.37,0.391,0.25,0.389,0.4,0.394,0.185,0.148,80,74,68,72,51,69,74,38,-8,-10.4
299,Frank Mason III\masonfr01,PG,26,ORL,4,79,0.375,0.368,0.4,0.417,0.714,0.462,0.292,0.208,81,70,109,78,92,81,117,53,-5.8,-6
300,Garrison Mathews\mathega01,SG,24,WAS,27,440,0.423,0.48,0.408,0.585,0.92,0.655,0.406,0.797,91,91,111,109,118,115,163,202,11.8,24.2
301,Dakota Mathias\mathida01,SG,25,PHI,8,123,0.396,0.5,0.308,0.479,0.333,0.474,0.125,0.542,85,95,83,89,43,83,50,137,-5.6,-9.9
302,Wesley Matthews\matthwe02,SG,34,LAL,30,605,0.356,0.423,0.337,0.487,0.8,0.51,0.127,0.78,77,80,91,91,103,89,51,198,-11.8,-15.5
303,Tyrese Maxey\maxeyty01,SG,20,PHI,32,519,0.45,0.503,0.273,0.481,0.88,0.504,0.103,0.227,97,95,74,90,113,88,42,58,-27.1,-34.3
304,Skylar Mays\mayssk01,SG,23,ATL,16,132,0.388,0.423,0.348,0.469,0.889,0.545,0.367,0.469,83,80,94,87,114,95,148,119,-6.7,-3.1
305,Patrick McCaw\mccawpa01,SF,25,TOR,3,20,,,,,,,,,,,,,,,,,0,0
306,CJ McCollum\mccolcj01,SG,29,POR,13,440,0.473,0.513,0.441,0.594,0.844,0.62,0.173,0.55,102,97,120,111,109,108,70,139,29.5,27.1
307,T.J. McConnell\mccontj01,PG,28,IND,31,781,0.525,0.546,0.333,0.541,0.5,0.543,0.099,0.099,113,104,90,101,64,95,40,25,1.4,-11
308,Jalen McDaniels\mcdanja01,SF,23,CHO,17,213,0.439,0.535,0.261,0.485,0.684,0.518,0.288,0.348,95,101,71,90,88,91,116,88,-6.9,-8
309,Jaden McDaniels\mcdanja02,PF,20,MIN,30,574,0.383,0.439,0.337,0.477,0.522,0.484,0.154,0.557,82,83,92,89,67,85,62,141,-18.2,-27.9
310,Doug McDermott\mcderdo01,PF,29,IND,33,852,0.501,0.615,0.354,0.579,0.818,0.603,0.166,0.435,108,117,96,108,105,105,67,110,27.2,21.9
311,Sean McDermott\mcderse01,SF,24,MEM,8,126,0.435,0.625,0.333,0.543,1,0.605,0.261,0.652,94,118,90,101,128,106,105,165,0.3,1.7
312,JaVale McGee\mcgeeja01,C,33,CLE,27,411,0.488,0.51,0.294,0.503,0.609,0.522,0.264,0.098,105,97,80,94,78,91,106,25,-12,-19.1
313,Rodney McGruder\mcgruro01,SG,29,DET,11,96,0.485,0.45,0.538,0.591,0.833,0.617,0.182,0.394,104,85,146,110,107,108,73,100,3.5,3.3
314,Alfonzo McKinnie\mckinal01,SF,28,LAL,18,84,0.533,0.611,0.417,0.617,0.625,0.626,0.267,0.4,115,116,113,115,80,110,107,101,4.8,3.7
315,Jordan McLaughlin\mclaujo01,PG,24,MIN,24,467,0.376,0.39,0.348,0.433,0.8,0.447,0.071,0.326,81,74,94,80,103,78,29,83,-29.6,-36.2
316,Ben McLemore\mclembe01,SG,27,HOU,24,372,0.357,0.474,0.314,0.471,0.739,0.496,0.164,0.729,77,90,85,88,95,87,66,185,-18.5,-22.6
317,Nicolò Melli\mellini01,PF,30,NOP,16,163,0.257,0.333,0.241,0.357,0.8,0.39,0.143,0.829,55,63,66,66,103,68,57,210,-12.6,-13.5
318,De'Anthony Melton\meltode01,PG,22,MEM,19,394,0.468,0.518,0.413,0.566,0.762,0.583,0.133,0.475,101,98,112,105,98,102,53,120,9.2,3.8
319,Sam Merrill\merrisa01,SG,24,MIL,13,77,0.353,0.167,0.455,0.5,1,0.531,0.118,0.647,76,32,123,93,128,93,47,164,-1.3,-1.4
320,Chimezie Metu\metuch01,C,23,SAC,11,71,0.5,0.518,0.333,0.517,0.667,0.545,0.3,0.1,108,98,90,96,86,95,121,25,-1.2,-1.8
321,Khris Middleton\middlkh01,SF,29,MIL,35,1164,0.5,0.535,0.436,0.577,0.875,0.615,0.226,0.353,108,101,118,107,112,108,91,90,42.2,50.4
322,Darius Miller\milleda01,SF,30,OKC,12,111,0.458,0.667,0.429,0.646,1,0.671,0.125,0.875,99,126,116,120,128,117,50,222,5.2,5.1
323,Paul Millsap\millspa01,PF,35,DEN,26,621,0.524,0.604,0.41,0.608,0.695,0.63,0.312,0.413,113,114,111,113,89,110,126,105,26.8,25.2
324,Patty Mills\millspa02,PG,32,SAS,31,798,0.452,0.534,0.407,0.583,0.895,0.604,0.117,0.643,97,101,110,108,115,106,47,163,29.7,22.3
325,Shake Milton\miltosh01,SG,24,PHI,28,703,0.441,0.502,0.313,0.492,0.887,0.555,0.317,0.324,95,95,85,92,114,97,127,82,-27.9,-11.7
326,Donovan Mitchell\mitchdo01,SG,24,UTA,34,1154,0.421,0.451,0.382,0.504,0.824,0.549,0.266,0.433,91,86,104,94,106,96,107,110,-46.2,-34.6
327,Adam Mokoka\mokokad01,SG,22,CHI,7,42,0.357,0.667,0.125,0.393,,0.393,0,0.571,77,126,34,73,,69,,145,-4,-5
328,Malik Monk\monkma01,SG,22,CHO,22,499,0.462,0.49,0.439,0.583,0.787,0.609,0.211,0.552,99,93,119,108,101,107,85,140,20.3,18.4
329,E'Twaun Moore\mooreet01,SG,31,PHO,21,328,0.425,0.493,0.24,0.457,0.8,0.478,0.106,0.266,92,93,65,85,103,84,43,67,-15,-18.5
330,Ja Morant\moranja01,PG,21,MEM,23,699,0.455,0.516,0.234,0.48,0.787,0.537,0.359,0.217,98,98,63,89,101,94,144,55,-40.5,-28.6
331,Juwan Morgan\morgaju01,PF,23,UTA,15,71,0.429,0.75,0.3,0.536,0.2,0.494,0.357,0.714,92,142,81,100,26,86,144,181,0,-2.5
332,Markieff Morris\morrima02,PF,31,LAL,31,539,0.407,0.534,0.322,0.503,0.69,0.526,0.2,0.6,88,101,87,94,89,92,80,152,-9.9,-14.4
333,Marcus Morris\morrima03,PF,31,LAC,28,684,0.44,0.415,0.464,0.558,0.905,0.588,0.153,0.509,95,79,126,104,116,103,61,129,11.4,9.5
334,Monte Morris\morrimo01,PG,25,DEN,34,918,0.476,0.538,0.37,0.545,0.746,0.569,0.202,0.37,102,102,101,101,96,100,81,94,4.1,-1.5
335,Mychal Mulder\muldemy01,PG,26,GSW,33,356,0.439,0.6,0.413,0.617,0.533,0.616,0.14,0.86,95,114,112,115,69,108,56,218,17,10.1
336,Dejounte Murray\murrade01,PG,24,SAS,31,957,0.454,0.491,0.33,0.492,0.812,0.52,0.157,0.234,98,93,90,92,104,91,63,59,-40,-48.9
337,Jamal Murray\murraja01,PG,23,DEN,33,1165,0.485,0.541,0.403,0.567,0.838,0.6,0.214,0.405,104,103,109,105,108,105,86,103,32.1,33.9
338,Mike Muscala\muscami01,C,29,OKC,33,611,0.436,0.613,0.36,0.562,0.914,0.59,0.14,0.7,94,116,98,105,117,103,56,177,12.3,9.6
339,Sviatoslav Mykhailiuk\mykhasv01,SF,23,DET,34,572,0.376,0.51,0.333,0.502,0.8,0.527,0.148,0.757,81,97,90,93,103,92,60,192,-14.1,-19
340,Abdel Nader\naderab01,SF,27,PHO,18,249,0.487,0.553,0.387,0.564,0.826,0.607,0.295,0.397,105,105,105,105,106,106,119,101,4.2,6.2
341,Larry Nance Jr.\nancela02,PF,28,CLE,19,635,0.483,0.561,0.381,0.566,0.571,0.571,0.145,0.434,104,106,103,105,73,100,58,110,8.1,-0.3
342,Aaron Nesmith\nesmiaa01,SF,21,BOS,18,281,0.397,0.533,0.354,0.532,0.667,0.549,0.191,0.762,85,101,96,99,86,96,77,193,-0.7,-3.1
343,Raul Neto\netora01,PG,28,WAS,28,567,0.446,0.5,0.365,0.519,0.833,0.547,0.161,0.398,96,95,99,97,107,96,65,101,-6.9,-9.8
344,Georges Niang\niangge01,PF,27,UTA,36,481,0.431,0.54,0.385,0.566,1,0.573,0.03,0.701,93,102,104,105,128,100,12,178,9.5,0.5
345,Zeke Nnaji\nnajize01,PF,20,DEN,22,231,0.517,0.667,0.412,0.638,0.714,0.647,0.121,0.586,111,126,112,119,92,113,49,149,11.7,9.2
346,Nerlens Noel\noelne01,C,26,NYK,31,667,0.594,0.606,0,0.594,0.645,0.61,0.292,0.019,128,115,,111,83,107,118,5,12.1,9.2
347,Jaylen Nowell\nowelja01,SG,21,MIN,22,367,0.418,0.469,0.347,0.491,0.838,0.531,0.218,0.423,90,89,94,91,108,93,88,107,-15.7,-15
348,Frank Ntilikina\ntilila01,PG,22,NYK,8,114,0.455,0.333,0.556,0.606,0.6,0.611,0.151,0.545,98,63,151,113,77,107,61,138,4.5,2.8
349,Kendrick Nunn\nunnke01,PG,25,MIA,27,813,0.467,0.551,0.375,0.557,0.914,0.579,0.11,0.479,100,105,102,104,117,101,44,122,12.3,5
350,Jusuf Nurkić\nurkiju01,C,26,POR,12,280,0.485,0.516,0.25,0.5,0.556,0.514,0.262,0.117,104,98,68,93,71,90,105,30,-7.7,-13.3
351,David Nwaba\nwabada01,SF,28,HOU,28,642,0.481,0.572,0.27,0.522,0.697,0.555,0.317,0.303,103,109,73,97,90,97,128,77,-6.6,-8
352,Jordan Nwora\nworajo01,SF,22,MIL,10,82,0.46,0.429,0.5,0.568,0.9,0.616,0.27,0.432,99,81,136,106,116,108,109,110,2.2,3.7
353,Semi Ojeleye\ojelese01,PF,26,BOS,33,638,0.42,0.5,0.387,0.557,0.714,0.576,0.187,0.707,90,95,105,104,92,101,75,179,5.8,1.4
354,Jahlil Okafor\okafoja01,C,25,DET,12,120,0.595,0.641,0,0.595,0.5,0.595,0.048,0.071,128,122,,111,64,104,19,18,4.9,2
355,Chuma Okeke\okekech01,PF,22,ORL,20,437,0.384,0.381,0.386,0.483,0.5,0.487,0.116,0.512,83,72,105,90,64,85,47,130,-9.4,-15.4
356,Josh Okogie\okogijo01,SG,22,MIN,29,558,0.351,0.443,0.218,0.396,0.756,0.451,0.306,0.41,75,84,59,74,97,79,123,104,-38,-36.8
357,Onyeka Okongwu\okongon01,C,20,ATL,16,159,0.568,0.583,0,0.568,0.6,0.585,0.405,0.027,122,111,,106,77,102,163,7,2.2,1.2
358,Isaac Okoro\okorois01,SG,20,CLE,31,1030,0.413,0.492,0.301,0.476,0.679,0.503,0.236,0.413,89,93,82,88,87,88,95,105,-27.9,-33.9
359,KZ Okpala\okpalkz01,PF,21,MIA,18,181,0.364,0.385,0.35,0.47,0.333,0.463,0.182,0.606,78,73,95,87,43,81,73,154,-4.5,-7.7
360,Victor Oladipo\oladivi01,SG,28,TOT,24,786,0.399,0.447,0.332,0.468,0.747,0.501,0.218,0.415,86,85,90,87,96,88,88,105,-60.7,-67.3
361,Victor Oladipo\oladivi01,SG,28,IND,9,300,0.421,0.47,0.362,0.503,0.73,0.535,0.243,0.454,91,89,98,94,94,94,98,115,-10.4,-12.4
362,Victor Oladipo\oladivi01,SG,28,HOU,15,486,0.387,0.436,0.312,0.449,0.759,0.483,0.204,0.394,83,83,85,84,97,84,82,100,-50.3,-54.9
363,Kelly Olynyk\olynyke01,C,29,MIA,34,890,0.43,0.663,0.316,0.536,0.733,0.549,0.103,0.673,92,126,86,100,94,96,41,171,-0.8,-13.8
364,Royce O'Neale\onealro01,SF,27,UTA,36,1181,0.441,0.516,0.411,0.587,0.821,0.606,0.132,0.709,95,98,111,109,106,106,53,180,21,15.4
365,Miye Oni\onimi01,SG,23,UTA,26,206,0.368,0.2,0.394,0.539,0.833,0.566,0.158,0.868,79,38,107,100,107,99,63,220,0.2,-0.5
366,Cedi Osman\osmande01,SF,25,CLE,35,904,0.373,0.429,0.332,0.468,0.796,0.493,0.134,0.578,80,81,90,87,102,86,54,147,-50.3,-61
367,Daniel Oturu\oturuda01,C,21,LAC,10,42,0.6,0.643,0,0.6,1,0.63,0.133,0.067,129,122,,112,128,110,54,17,1.9,1.8
368,Kelly Oubre Jr.\oubreke01,SF,25,GSW,35,1062,0.436,0.514,0.321,0.501,0.74,0.532,0.225,0.404,94,98,87,93,95,93,90,102,-33.7,-40.7
369,Jabari Parker\parkeja01,PF,25,SAC,2,25,0.571,0.667,0,0.571,,0.571,0,0.143,123,126,,106,,100,,36,0.5,0
370,Eric Paschall\pascher01,PF,24,GSW,33,584,0.504,0.539,0.317,0.529,0.728,0.566,0.316,0.16,108,102,86,98,94,99,127,41,-4.2,-3.4
371,Anžejs Pasečņiks\pasecan01,C,25,WAS,1,6,0,,0,0,,0,0,1,,,,,,,,253,-1.1,-1.1
372,Patrick Patterson\pattepa01,PF,31,LAC,10,130,0.421,0.6,0.357,0.553,0.75,0.566,0.105,0.737,91,114,97,103,96,99,42,187,1.2,-0.5
373,Justin Patton\pattoju01,C,23,HOU,6,128,0.516,0.714,0.353,0.613,0.75,0.626,0.129,0.548,111,135,96,114,96,109,52,139,4.7,3.5
374,Chris Paul\paulch01,PG,35,PHO,33,1059,0.485,0.532,0.385,0.546,0.953,0.59,0.205,0.314,104,101,104,102,122,103,83,80,7,16.9
375,Cameron Payne\payneca01,PG,26,PHO,23,368,0.466,0.516,0.407,0.56,0.923,0.583,0.112,0.466,100,98,111,104,119,102,45,118,5.3,2.8
376,Elfrid Payton\paytoel01,PG,26,NYK,32,896,0.441,0.477,0.241,0.459,0.735,0.487,0.179,0.153,95,90,66,85,94,85,72,39,-59.4,-69.5
377,Norvel Pelle\pelleno01,C,27,TOT,4,32,0.375,0.375,,0.375,0.75,0.461,0.5,0,81,71,,70,96,81,201,,-2.6,-2.2
378,Norvel Pelle\pelleno01,C,27,BRK,3,28,0.429,0.429,,0.429,,0.429,0,0,92,81,,80,,75,,,-1.5,-2
379,Norvel Pelle\pelleno01,C,27,SAC,1,4,0,0,,0,0.75,0.543,4,0,,,,,96,95,1608,,-1.1,-0.2
380,Reggie Perry\perryre01,PF,20,BRK,14,147,0.412,0.487,0.167,0.431,0.667,0.455,0.176,0.235,89,92,45,80,86,80,71,60,-10.8,-12.8
381,Theo Pinson\pinsoth01,SG,25,NYK,11,25,0.143,1,0,0.143,,0.143,0,0.857,31,190,,27,,25,,217,-5.5,-6
382,Mason Plumlee\plumlma01,C,30,DET,33,925,0.608,0.624,0,0.608,0.674,0.631,0.384,0.026,131,118,,113,87,110,154,7,32.6,32
383,Jakob Poeltl\poeltja01,C,25,SAS,31,727,0.615,0.615,,0.615,0.319,0.586,0.301,0,132,117,,115,41,102,121,,24.3,5
384,Vincent Poirier\poirivi01,C,27,PHI,6,22,0.25,0.25,,0.25,0.5,0.347,1,0,54,47,,47,64,61,402,,-2.3,-2.6
385,Aleksej Pokusevski\pokusal01,PF,19,OKC,17,296,0.247,0.351,0.179,0.301,,0.301,0,0.602,53,67,48,56,,53,,153,-44,-50.3
386,Jordan Poole\poolejo01,SG,21,GSW,15,143,0.426,0.591,0.333,0.533,0.947,0.598,0.311,0.639,92,112,90,99,122,105,125,162,-0.6,3.7
387,Michael Porter Jr.\portemi01,SF,22,DEN,25,706,0.494,0.589,0.407,0.6,0.767,0.618,0.16,0.52,106,112,110,112,99,108,64,132,33.9,26.8
388,Otto Porter\porteot01,SF,27,CHI,16,372,0.444,0.486,0.4,0.542,0.833,0.582,0.25,0.486,96,92,109,101,107,102,101,123,1.2,3.2
389,Bobby Portis\portibo01,C,25,MIL,35,760,0.544,0.556,0.507,0.607,0.697,0.616,0.111,0.252,117,105,137,113,90,108,45,64,41.7,27.7
390,Kristaps Porziņģis\porzikr01,C,25,DAL,20,602,0.469,0.546,0.349,0.537,0.838,0.573,0.211,0.391,101,103,95,100,108,100,85,99,-0.1,0.6
391,Dwight Powell\poweldw01,C,29,DAL,23,346,0.463,0.508,0.125,0.47,0.754,0.576,0.851,0.119,100,96,34,87,97,101,342,30,-9,0.7
392,Norman Powell\powelno01,SG,27,TOR,33,969,0.492,0.536,0.44,0.593,0.901,0.642,0.292,0.46,106,102,119,110,116,112,117,117,45.9,65.6
393,Taurean Prince\princta02,PF,26,TOT,29,620,0.38,0.374,0.386,0.474,0.849,0.523,0.255,0.486,82,71,105,88,109,92,102,123,-26.6,-22.5
394,Taurean Prince\princta02,PF,26,BRK,12,218,0.405,0.46,0.351,0.493,0.889,0.565,0.365,0.5,87,87,95,92,114,99,147,127,-6.5,-1.2
395,Taurean Prince\princta02,PF,26,CLE,17,402,0.366,0.329,0.406,0.463,0.808,0.498,0.194,0.478,79,62,110,86,104,87,78,121,-20,-21.3
396,Payton Pritchard\pritcpa01,SG,23,BOS,29,616,0.451,0.518,0.394,0.557,0.938,0.576,0.087,0.538,97,98,107,104,120,101,35,136,7.2,1.6
397,Immanuel Quickley\quickim01,PG,21,NYK,32,606,0.394,0.398,0.391,0.489,0.942,0.563,0.333,0.484,85,75,106,91,121,99,134,123,-30.4,-6
398,Jahmi'us Ramsey\ramseja01,SG,19,SAC,4,16,0.5,1,0.333,0.625,,0.625,0,0.75,108,190,90,116,,109,,190,0.7,0.4
399,Chasson Randle\randlch01,PG,27,ORL,8,151,0.429,0.667,0.304,0.529,0.714,0.551,0.2,0.657,92,126,83,98,92,96,80,167,-0.6,-1.5
400,Julius Randle\randlju01,PF,26,NYK,36,1316,0.48,0.504,0.412,0.535,0.808,0.586,0.347,0.267,103,96,112,100,104,102,139,68,-3.2,19.9
401,Cam Reddish\reddica01,SF,21,ATL,26,750,0.365,0.46,0.262,0.428,0.817,0.488,0.312,0.479,79,87,71,80,105,85,125,121,-57.7,-49.9
402,J.J. Redick\redicjj01,SG,36,NOP,31,576,0.406,0.486,0.364,0.526,0.957,0.575,0.22,0.654,87,92,99,98,123,101,88,166,-5,1.7
403,Paul Reed\reedpa01,PF,21,PHI,5,55,0.409,0.474,0,0.409,,0.409,0,0.136,88,90,,76,,72,,35,-5.6,-7.2
404,Naz Reid\reidna01,C,21,MIN,34,699,0.515,0.592,0.34,0.567,0.733,0.593,0.244,0.306,111,112,92,105,94,104,98,78,18,14.3
405,Josh Richardson\richajo01,SG,27,DAL,25,788,0.427,0.563,0.288,0.498,0.948,0.549,0.217,0.494,92,107,78,93,122,96,87,125,-21,-13.4
406,Nick Richards\richani01,PF,23,CHO,8,23,0.5,0.5,,0.5,0.833,0.637,1,0,108,95,,93,107,111,402,,-0.4,1.1
407,Austin Rivers\riverau01,SG,28,NYK,21,442,0.43,0.517,0.364,0.533,0.714,0.545,0.104,0.57,92,98,99,99,92,95,42,145,-1.1,-7.4
408,Andre Roberson\roberan03,SG,29,BRK,5,63,0.143,0.167,0.125,0.179,0.5,0.202,0.143,0.571,31,32,34,33,64,35,57,145,-10,-11
409,Duncan Robinson\robindu01,SF,26,MIA,35,1174,0.428,0.635,0.392,0.595,0.84,0.616,0.144,0.851,92,120,106,111,108,108,58,216,39.9,33
410,Glenn Robinson III\robingl02,SF,27,SAC,23,369,0.424,0.473,0.364,0.505,0.913,0.554,0.232,0.444,91,90,99,94,117,97,93,113,-6.4,-3.8
411,Jerome Robinson\robinje01,SG,23,WAS,13,221,0.328,0.361,0.29,0.396,0.882,0.457,0.254,0.463,71,68,79,74,113,80,102,117,-19,-17.2
412,Mitchell Robinson\robinmi01,C,22,NYK,27,778,0.66,0.66,,0.66,0.478,0.647,0.295,0,142,125,,123,61,113,119,,38.3,26.5
413,Isaiah Roby\robyis01,PF,22,OKC,29,612,0.519,0.583,0.353,0.568,0.704,0.595,0.295,0.279,112,111,96,106,90,104,119,71,11.3,9.6
414,Rajon Rondo\rondora01,PG,34,ATL,20,300,0.392,0.4,0.382,0.48,0.5,0.481,0.027,0.46,84,76,104,89,64,84,11,116,-8.5,-13.6
415,Derrick Rose\rosede01,PG,32,TOT,25,588,0.43,0.444,0.377,0.469,0.851,0.519,0.253,0.208,93,84,102,87,109,91,102,53,-39.9,-34.2
416,Derrick Rose\rosede01,PG,32,DET,15,342,0.429,0.455,0.333,0.465,0.84,0.517,0.272,0.212,92,86,90,86,108,90,109,54,-26.8,-22.5
417,Derrick Rose\rosede01,PG,32,NYK,10,246,0.431,0.425,0.455,0.477,0.875,0.523,0.22,0.202,93,81,123,89,112,91,89,51,-13.2,-11.7
418,Terrence Ross\rosste01,SG,29,ORL,35,1032,0.41,0.462,0.344,0.486,0.9,0.527,0.189,0.445,88,88,93,90,116,92,76,113,-48.6,-45.5
419,Terry Rozier\roziete01,SG,26,CHO,33,1106,0.49,0.542,0.439,0.601,0.824,0.626,0.182,0.506,105,103,119,112,106,109,73,128,63.6,58.6
420,Ricky Rubio\rubiori01,PG,30,MIN,34,863,0.39,0.422,0.329,0.447,0.824,0.506,0.314,0.347,84,80,89,83,106,89,126,88,-42.7,-35.1
421,D'Angelo Russell\russeda01,PG,24,MIN,20,583,0.426,0.449,0.399,0.517,0.75,0.543,0.196,0.454,92,85,108,96,96,95,79,115,-13.4,-19.9
422,Domantas Sabonis\sabondo01,PF,24,IND,34,1240,0.531,0.573,0.344,0.562,0.714,0.6,0.406,0.183,114,109,93,105,92,105,163,46,25,33.7
423,Luka Šamanić\samanlu01,PF,21,SAS,8,80,0.444,0.417,0.467,0.574,0.333,0.557,0.222,0.556,96,79,127,107,43,97,89,141,2,-0.9
424,JaKarr Sampson\sampsja02,PF,27,IND,15,97,0.469,0.518,0.2,0.484,0.8,0.536,0.312,0.156,101,98,54,90,103,94,126,40,-3.4,-2.6
425,Dario Šarić\saricda01,PF,26,PHO,16,289,0.47,0.539,0.379,0.552,0.919,0.606,0.276,0.433,101,102,103,103,118,106,111,110,4,10.2
426,Tomáš Satoranský\satorto01,SG,29,CHI,23,476,0.536,0.562,0.487,0.621,0.897,0.661,0.259,0.348,115,106,132,115,115,116,104,88,18.6,22.4
427,Dennis Schröder\schrode01,SG,27,LAL,33,1030,0.44,0.484,0.317,0.482,0.831,0.543,0.346,0.265,95,92,86,90,107,95,139,67,-43.4,-25.7
428,Mike Scott\scottmi01,PF,32,PHI,17,295,0.413,0.538,0.38,0.563,0.4,0.56,0.079,0.794,89,102,103,105,51,98,32,201,3.3,-1.5
429,Collin Sexton\sextoco01,SG,22,CLE,31,1127,0.487,0.513,0.4,0.533,0.803,0.58,0.325,0.231,105,97,109,99,103,102,131,59,-5.2,11.2
430,Landry Shamet\shamela01,SG,23,BRK,33,650,0.384,0.463,0.358,0.519,0.868,0.552,0.176,0.75,83,88,97,96,112,97,71,190,-8.2,-9.1
431,Iman Shumpert\shumpim01,SG,30,BRK,2,11,0.25,1,0,0.25,,0.25,0,0.75,54,190,,47,,44,,190,-2.3,-2.6
432,Pascal Siakam\siakapa01,PF,26,TOR,30,1075,0.453,0.505,0.295,0.49,0.819,0.542,0.304,0.249,97,96,80,91,105,95,122,63,-46.7,-33.2
433,Chris Silva\silvach01,PF,24,MIA,6,53,0.667,0.625,1,0.722,0.833,0.805,1.333,0.111,143,118,271,134,107,141,536,28,3.3,6.7
434,Ben Simmons\simmobe01,PG,24,PHI,31,1051,0.578,0.585,0.286,0.581,0.671,0.614,0.503,0.021,124,111,78,108,86,107,202,5,29.1,34.4
435,Anfernee Simons\simonan01,SG,21,POR,31,533,0.392,0.355,0.406,0.537,0.846,0.558,0.12,0.714,84,67,110,100,109,98,48,181,-0.3,-6.2
436,Deividas Sirvydis\sirvyde01,SG,20,DET,5,8,0,,0,0,0.5,0.129,0.667,1,,,,,64,23,268,253,-3.2,-3.4
437,Marcus Smart\smartma01,PG,26,BOS,17,549,0.394,0.469,0.311,0.468,0.742,0.516,0.33,0.479,85,89,84,87,95,90,133,121,-26.1,-24.1
438,Dennis Smith Jr.\smithde03,PG,23,TOT,14,249,0.37,0.417,0.3,0.43,0.786,0.457,0.14,0.4,80,79,81,80,101,80,56,101,-21.5,-24.4
439,Dennis Smith Jr.\smithde03,PG,23,NYK,3,28,0.2,0.333,0,0.2,0.833,0.356,0.6,0.4,43,63,,37,107,62,241,101,-6.7,-5.5
440,Dennis Smith Jr.\smithde03,PG,23,DET,11,221,0.389,0.426,0.333,0.456,0.75,0.47,0.089,0.4,84,81,90,85,96,82,36,101,-14.7,-18.9
441,Ish Smith\smithis01,PG,32,WAS,19,391,0.379,0.406,0.25,0.401,0.4,0.404,0.129,0.172,82,77,68,75,51,71,52,44,-31.7,-41.2
442,Jalen Smith\smithja04,PF,20,PHO,10,54,0.333,0.4,0.25,0.389,0,0.371,0.111,0.444,72,76,68,72,,65,45,113,-5.3,-7.6
443,Tony Snell\snellto01,SG,29,ATL,23,420,0.482,0.261,0.565,0.688,,0.688,0,0.729,104,49,153,128,,120,,185,25.6,19.8
444,Ray Spalding\spaldra01,C,23,HOU,2,19,0.5,0.667,0,0.5,0,0.41,0.5,0.25,108,126,,93,,72,201,63,-0.3,-1.6
445,Cassius Stanley\stanlca01,SG,21,IND,8,23,0.286,0.2,0.5,0.357,0.8,0.489,0.714,0.286,61,38,136,66,103,86,287,72,-2.5,-1.5
446,Lamar Stevens\stevela01,PF,23,CLE,24,346,0.404,0.468,0.118,0.415,0.719,0.467,0.34,0.181,87,89,32,77,92,82,137,46,-23,-22.6
447,Isaiah Stewart\stewais01,C,19,DET,33,605,0.543,0.556,0.2,0.546,0.688,0.568,0.229,0.036,117,105,54,102,88,99,92,9,2.5,-1.2
448,Max Strus\strusma01,SF,24,MIA,19,283,0.456,0.889,0.365,0.607,0.714,0.618,0.136,0.825,98,169,99,113,92,108,55,209,14.3,10.2
449,Edmond Sumner\sumneed01,SG,25,IND,21,232,0.506,0.589,0.304,0.551,0.72,0.583,0.317,0.291,109,112,83,102,93,102,127,74,2.1,2.1
450,Jae'Sean Tate\tateja01,SF,25,HOU,34,933,0.536,0.618,0.319,0.579,0.754,0.605,0.226,0.274,115,117,87,108,97,106,91,69,21.1,18.2
451,Jayson Tatum\tatumja01,SF,22,BOS,30,1072,0.433,0.469,0.364,0.496,0.877,0.543,0.234,0.344,93,89,99,92,113,95,94,87,-51.7,-39.7
452,Jeff Teague\teaguje01,PG,32,BOS,27,479,0.351,0.324,0.419,0.411,0.913,0.485,0.305,0.285,76,61,114,76,117,85,122,72,-38.3,-29.8
453,Garrett Temple\templga01,SG,34,CHI,33,936,0.428,0.521,0.344,0.518,0.816,0.544,0.152,0.524,92,99,93,96,105,95,61,133,-9.7,-15
454,Tyrell Terry\terryty01,PG,20,DAL,11,56,0.312,0.556,0,0.312,0.333,0.318,0.188,0.438,67,105,,58,43,56,75,111,-7.2,-8.8
455,Daniel Theis\theisda01,C,28,BOS,33,819,0.562,0.655,0.375,0.624,0.661,0.638,0.272,0.332,121,124,102,116,85,112,109,84,37.7,32.2
456,Brodric Thomas\thomabr01,SG,24,HOU,4,24,0.286,1,0.167,0.357,0.714,0.496,1,0.857,61,190,45,66,92,87,402,217,-2.5,-1.5
457,Matt Thomas\thomama02,SG,26,TOR,21,145,0.391,0.4,0.387,0.522,0.833,0.545,0.13,0.674,84,76,105,97,107,95,52,171,-1.4,-2.6
458,Tristan Thompson\thomptr01,PF,29,BOS,33,749,0.522,0.53,0,0.522,0.635,0.55,0.368,0.015,112,101,,97,82,96,148,4,-6.1,-10
459,Sindarius Thornwell\thornsi01,SG,26,NOP,11,53,0.462,0.429,0.5,0.577,0,0.54,0.154,0.462,99,81,136,107,,95,62,117,1,-0.9
460,Matisse Thybulle\thybuma01,SG,23,PHI,33,596,0.368,0.537,0.262,0.448,0.571,0.459,0.132,0.613,79,102,71,83,73,80,53,155,-18.9,-25.2
461,Killian Tillie\tilliki02,C,22,MEM,2,21,0.25,0,0.5,0.375,,0.375,0,0.5,54,,136,70,,66,,127,-1.3,-1.6
462,Xavier Tillman Sr.\tillmxa01,PF,22,MEM,26,538,0.519,0.587,0.286,0.551,0.739,0.569,0.147,0.224,112,111,78,103,95,100,59,57,4.3,-0.9
463,Obi Toppin\toppiob01,PF,22,NYK,26,330,0.476,0.607,0.295,0.538,0.714,0.553,0.133,0.419,102,115,80,100,92,97,54,106,0.1,-4.1
464,Juan Toscano-Anderson\toscaju01,SG,27,GSW,22,442,0.562,0.625,0.455,0.646,0.714,0.657,0.157,0.371,121,118,123,120,92,115,63,94,19.3,16.2
465,Karl-Anthony Towns\townska01,C,25,MIN,16,524,0.494,0.549,0.375,0.553,0.909,0.609,0.302,0.314,106,104,102,103,117,107,121,80,7.9,21.7
466,Gary Trent Jr.\trentga02,SG,22,POR,32,996,0.429,0.458,0.408,0.547,0.767,0.561,0.102,0.581,92,87,111,102,99,98,41,147,8.4,-9.1
467,P.J. Tucker\tuckepj01,PF,35,HOU,32,959,0.366,0.467,0.314,0.469,0.783,0.5,0.176,0.656,79,88,85,87,101,87,71,166,-17.8,-20.3
468,Myles Turner\turnemy01,C,24,IND,32,1000,0.477,0.633,0.306,0.55,0.806,0.597,0.334,0.477,103,120,83,102,104,104,134,121,7.9,18
469,Jonas Valančiūnas\valanjo01,C,28,MEM,26,706,0.548,0.566,0.37,0.565,0.753,0.598,0.296,0.09,118,107,101,105,97,105,119,23,16.5,18.1
470,Denzel Valentine\valende01,SG,27,CHI,30,591,0.375,0.411,0.347,0.474,1,0.481,0.024,0.569,81,78,94,88,128,84,10,144,-31.6,-45.6
471,Jarred Vanderbilt\vandeja01,PF,21,MIN,34,652,0.612,0.613,0.5,0.615,0.556,0.618,0.453,0.014,132,116,136,114,71,108,182,4,21.6,15.4
472,Fred VanVleet\vanvlfr01,SG,26,TOR,34,1249,0.4,0.419,0.383,0.501,0.894,0.549,0.234,0.527,86,80,104,93,115,96,94,134,-41.3,-28.4
473,Devin Vassell\vassede01,SF,20,SAS,26,451,0.397,0.397,0.397,0.496,0.857,0.529,0.167,0.5,85,75,108,92,110,92,67,127,-10.4,-11.6
474,Gabe Vincent\vincega01,PG,24,MIA,25,375,0.364,0.537,0.258,0.444,0.905,0.479,0.147,0.622,78,102,70,83,116,84,59,158,-26.7,-28.1
475,Noah Vonleh\vonleno01,PF,25,BRK,4,11,0,0,0,0,,0,0,0.667,,,,,,,,169,-3.2,-3.4
476,Nikola Vučević\vucevni01,C,30,ORL,36,1220,0.483,0.516,0.412,0.548,0.851,0.571,0.128,0.317,104,98,112,102,109,100,51,80,16,-1.6
477,Dean Wade\wadede01,PF,24,CLE,28,320,0.446,0.5,0.423,0.595,0.667,0.605,0.162,0.703,96,95,115,111,86,106,65,178,8.5,5.4
478,Moritz Wagner\wagnemo01,C,23,WAS,21,296,0.558,0.661,0.333,0.611,0.725,0.644,0.421,0.316,120,125,90,114,93,113,169,80,13.9,16.3
479,Kemba Walker\walkeke02,PG,30,BOS,19,567,0.389,0.411,0.368,0.482,0.908,0.529,0.212,0.506,84,78,100,90,117,93,85,128,-33.9,-28.6
480,Lonnie Walker\walkelo01,SG,22,SAS,29,795,0.4,0.446,0.347,0.481,0.789,0.502,0.123,0.465,86,85,94,89,101,88,49,118,-35.2,-45.6
481,John Wall\walljo01,PG,30,HOU,25,793,0.424,0.468,0.34,0.482,0.744,0.524,0.3,0.339,91,89,92,90,96,92,121,86,-49.2,-47.4
482,Brad Wanamaker\wanambr01,PG,31,GSW,36,582,0.355,0.43,0.218,0.394,0.891,0.477,0.355,0.355,76,82,59,73,114,83,143,90,-44.6,-33.9
483,T.J. Warren\warretj01,SF,27,IND,4,117,0.529,0.614,0,0.529,0.8,0.56,0.196,0.137,114,116,,99,103,98,79,35,-0.8,-1.3
484,P.J. Washington\washipj01,PF,22,CHO,31,910,0.449,0.485,0.385,0.518,0.778,0.56,0.295,0.357,97,92,105,96,100,98,119,91,-11.8,-8
485,Yuta Watanabe\watanyu01,SF,26,TOR,22,268,0.333,0.296,0.364,0.433,1,0.472,0.133,0.55,72,56,99,81,128,83,54,139,-12.5,-12.6
486,Tremont Waters\watertr01,PG,23,BOS,10,98,0.323,0.25,0.4,0.419,0.875,0.478,0.258,0.484,69,47,109,78,112,84,104,123,-7.3,-6.5
487,Paul Watson\watsopa01,SF,26,TOR,15,62,0.5,0.333,0.533,0.722,,0.722,0,0.833,108,63,145,134,,126,,211,6.7,5.4
488,Quinndary Weatherspoon\weathqu01,SG,24,SAS,5,24,0.2,0.25,0,0.2,1,0.34,0.4,0.2,43,47,,37,128,59,161,51,-3.4,-2.7
489,Russell Westbrook\westbru01,PG,32,WAS,26,887,0.426,0.463,0.286,0.456,0.595,0.482,0.312,0.207,92,88,78,85,76,84,126,52,-77.5,-96.4
490,Coby White\whiteco01,PG,20,CHI,34,1130,0.42,0.48,0.354,0.504,0.896,0.538,0.161,0.478,90,91,96,94,115,94,65,121,-31.9,-34.4
491,Derrick White\whitede01,SG,26,SAS,8,189,0.395,0.452,0.341,0.483,0.733,0.508,0.174,0.512,85,86,93,90,94,89,70,130,-9.4,-11.9
492,Hassan Whiteside\whiteha01,C,31,SAC,23,335,0.58,0.584,0,0.58,0.545,0.586,0.399,0.007,125,111,,108,70,102,160,2,11.7,4.6
493,Greg Whittington\whittgr01,PF,27,DEN,2,8,0,,0,0,,0,0,1,,,,,,,,253,-2.1,-2.3
494,Andrew Wiggins\wiggian01,PF,25,GSW,36,1161,0.461,0.523,0.35,0.524,0.664,0.545,0.233,0.359,99,99,95,97,85,95,94,91,-14.2,-30
495,Grant Williams\willigr01,PF,22,BOS,27,495,0.443,0.48,0.411,0.552,0.517,0.556,0.274,0.528,95,91,111,103,66,97,110,134,3.1,-3.8
496,Kenrich Williams\willike04,PF,26,OKC,35,655,0.549,0.6,0.425,0.611,0.625,0.617,0.148,0.29,118,114,115,114,80,108,60,74,23.9,15.7
497,Lou Williams\willilo02,PG,34,LAC,34,767,0.421,0.43,0.396,0.474,0.87,0.526,0.255,0.266,91,82,107,88,112,92,102,67,-46,-37
498,Patrick Williams\willipa01,PF,19,CHI,33,939,0.474,0.508,0.39,0.53,0.788,0.566,0.246,0.287,102,96,106,99,101,99,99,73,-4.1,-3.6
499,Robert Williams\williro04,C,23,BOS,28,445,0.718,0.724,0,0.718,0.622,0.717,0.316,0.009,154,137,,134,80,125,127,2,42.2,38.6
500,Zion Williamson\willizi01,PF,20,NOP,34,1126,0.614,0.624,0.316,0.619,0.695,0.65,0.511,0.035,132,118,86,115,89,114,205,9,89.1,105.4
501,D.J. Wilson\wilsodj01,PF,24,MIL,11,99,0.366,0.4,0.346,0.476,0.5,0.478,0.049,0.634,79,76,94,88,64,84,20,161,-5.1,-7.9
502,Dylan Windler\windldy01,SF,24,CLE,22,417,0.456,0.6,0.365,0.568,0.808,0.603,0.252,0.612,98,114,99,106,104,105,101,155,6.3,7.2
503,Justise Winslow\winslju01,SF,24,MEM,5,110,0.396,0.462,0.214,0.425,0.6,0.444,0.189,0.264,85,87,58,79,77,78,76,67,-12,-14.6
504,Cassius Winston\winstca01,PG,22,WAS,6,44,0.4,0.333,0.429,0.55,1,0.597,0.2,0.7,86,63,116,102,128,105,80,177,0.3,0.6
505,James Wiseman\wisemja01,C,19,GSW,25,506,0.519,0.534,0.4,0.541,0.632,0.561,0.292,0.107,112,101,109,101,81,98,117,27,1.6,-5.6
506,Robert Woodard\woodaro01,SF,21,SAC,6,17,0.545,0.625,0.333,0.591,0,0.547,0.182,0.273,117,118,90,110,,96,73,69,1.2,-0.6
507,Christian Wood\woodch01,C,25,HOU,17,530,0.558,0.613,0.421,0.618,0.688,0.634,0.24,0.285,120,116,114,115,88,111,96,72,43,36.5
508,Delon Wright\wrighde01,SG,28,DET,29,848,0.468,0.506,0.384,0.528,0.785,0.575,0.336,0.311,101,96,104,98,101,101,135,79,-4.6,1.6
509,Thaddeus Young\youngth01,PF,32,CHI,30,760,0.61,0.643,0.227,0.619,0.5,0.615,0.168,0.08,131,122,62,115,64,108,68,20,44.5,25.6
510,Trae Young\youngtr01,PG,22,ATL,34,1182,0.429,0.46,0.378,0.499,0.878,0.595,0.538,0.369,92,87,103,93,113,104,216,93,-46.7,34.6
511,Cody Zeller\zelleco01,C,28,CHO,18,421,0.514,0.569,0.158,0.525,0.758,0.556,0.232,0.134,111,108,43,98,97,97,93,34,-3.6,-5
512,Ivica Zubac\zubaciv01,C,23,LAC,37,725,0.669,0.672,0,0.669,0.819,0.715,0.483,0.006,144,127,,124,105,125,194,1,45.1,59.6
,,,,,,,,,,,,,,,,,,,,,,,,
,,,,,,,,,,,,,,,,,,,,,,,,
,,,,,,,,,,,,,,,,,,,,,,,,
,,,,,,,,,,,,,,,,,,,,,,,,
,,,,,,,,,,,,,,,,,,,,,,,,
,,,,,,,,,,,,,,,,,,,,,,,,
,,,,,,,,,,,,,,,,,,,,,,,,
,,,,,,,,,,,,,,,,,,,,,,,,
,,,,,,,,,,,,,,,,,,,,,,,,
,,,,,,,,,,,,,,,,,,,,,,,,
,,,,,,,,,,,,,,,,,,,,,,,,
,,,,,,,,,,,,,,,,,,,,,,,,
,,,,,,,,,,,,,,,,,,,,,,,,
,,,,,,,,,,,,,,,,,,,,,,,,
,,,,,,,,,,,,,,,,,,,,,,,,
,,,,,,,,,,,,,,,,,,,,,,,,
,,,,,,,,,,,,,,,,,,,,,,,,
,,,,,,,,,,,,,,,,,,,,,,,,
,,,,,,,,,,,,,,,,,,,,,,,,
,,,,,,,,,,,,,,,,,,,,,,,,
,,,,,,,,,,,,,,,,,,,,,,,,
,,,,,,,,,,,,,,,,,,,,,,,,
,,,,,,,,,,,,,,,,,,,,,,,,
,,,,,,,,,,,,,,,,,,,,,,,,
,,,,,,,,,,,,,,,,,,,,,,,,
,,,,,,,,,,,,,,,,,,,,,,,,
,,,,,,,,,,,,,,,,,,,,,,,,
,,,,,,,,,,,,,,,,,,,,,,,,
,,,,,,,,,,,,,,,,,,,,,,,,
,,,,,,,,,,,,,,,,,,,,,,,,
,,,,,,,,,,,,,,,,,,,,,,,,
,,,,,,,,,,,,,,,,,,,,,,,,
,,,,,,,,,,,,,,,,,,,,,,,,
,,,,,,,,,,,,,,,,,,,,,,,,
,,,,,,,,,,,,,,,,,,,,,,,,
,,,,,,,,,,,,,,,,,,,,,,,,
,,,,,,,,,,,,,,,,,,,,,,,,
,,,,,,,,,,,,,,,,,,,,,,,,
,,,,,,,,,,,,,,,,,,,,,,,,
,,,,,,,,,,,,,,,,,,,,,,,,
,,,,,,,,,,,,,,,,,,,,,,,,
,,,,,,,,,,,,,,,,,,,,,,,,
,,,,,,,,,,,,,,,,,,,,,,,,
,,,,,,,,,,,,,,,,,,,,,,,,
